contractsymbol,lasttradedate,strike,lastprice,bid,ask,change,percentchange,volume,openinterest,impliedvolatility,inthemoney,contractsize,currency,ticker,option_type,expiration_date,source,contract_symbol,last_price,percent_change,open_interest,implied_volatility,in_the_money,last_trade_date
AMC250815C00000500,2025-08-13 14:44:24,0.5,2.34,2.46,2.61,0.0,0.0,1.0,18.0,27.000001562500003,True,REGULAR,USD,AMC,call,2025-08-15,options_calls_20250815.csv,,,,,,,
AMC250815C00001000,2025-08-12 13:33:01,1.0,1.97,1.9,2.22,0.0,0.0,2.0,9.0,12.500002187500002,True,REGULAR,USD,AMC,call,2025-08-15,options_calls_20250815.csv,,,,,,,
AMC250815C00001500,2025-08-13 17:11:29,1.5,1.5,1.31,1.73,0.0,0.0,9.0,13.0,16.062504980468752,True,REGULAR,USD,AMC,call,2025-08-15,options_calls_20250815.csv,,,,,,,
AMC250815C00002000,2025-08-14 19:54:24,2.0,1.05,0.93,1.08,-0.00999999,-0.9433954,24.0,501.0,6.37500203125,True,REGULAR,USD,AMC,call,2025-08-15,options_calls_20250815.csv,,,,,,,
AMC250815C00002500,2025-08-14 19:58:07,2.5,0.54,0.53,0.57,-0.049999952,-8.474568,369.0,1483.0,2.50000375,True,REGULAR,USD,AMC,call,2025-08-15,options_calls_20250815.csv,,,,,,,
AMC250815C00003000,2025-08-14 19:59:18,3.0,0.07,0.06,0.07,-0.030000001,-30.0,9031.0,45041.0,0.6562534375000001,True,REGULAR,USD,AMC,call,2025-08-15,options_calls_20250815.csv,,,,,,,
AMC250815C00003500,2025-08-14 19:54:44,3.5,0.01,0.0,0.01,-0.01,-50.0,7188.0,43173.0,1.625001875,False,REGULAR,USD,AMC,call,2025-08-15,options_calls_20250815.csv,,,,,,,
AMC250815C00004000,2025-08-14 19:55:09,4.0,0.01,0.0,0.01,-0.01,-50.0,653.0,18883.0,2.750003125,False,REGULAR,USD,AMC,call,2025-08-15,options_calls_20250815.csv,,,,,,,
AMC250815C00004500,2025-08-14 19:45:00,4.5,0.01,0.0,0.01,0.0,0.0,111.0,5923.0,3.6250009375,False,REGULAR,USD,AMC,call,2025-08-15,options_calls_20250815.csv,,,,,,,
AMC250815C00005000,2025-08-14 19:21:27,5.0,0.01,0.0,0.01,0.0,0.0,25.0,11134.0,4.500004375,False,REGULAR,USD,AMC,call,2025-08-15,options_calls_20250815.csv,,,,,,,
AMC250815C00005500,2025-08-14 16:23:32,5.5,0.01,0.0,0.01,0.0,0.0,1.0,1836.0,5.000003749999999,False,REGULAR,USD,AMC,call,2025-08-15,options_calls_20250815.csv,,,,,,,
AMC250815C00006000,2025-08-13 19:55:39,6.0,0.01,0.0,0.01,0.0,0.0,1.0,7593.0,5.7500028125,False,REGULAR,USD,AMC,call,2025-08-15,options_calls_20250815.csv,,,,,,,
AMC250815C00006500,2025-08-11 19:58:04,6.5,0.01,0.0,0.01,0.0,0.0,346.0,1170.0,6.2500021875,False,REGULAR,USD,AMC,call,2025-08-15,options_calls_20250815.csv,,,,,,,
AMC250815C00007000,2025-08-13 19:55:50,7.0,0.01,0.0,0.01,0.0,0.0,2.0,1421.0,6.7500015625000005,False,REGULAR,USD,AMC,call,2025-08-15,options_calls_20250815.csv,,,,,,,
AMC250815C00008000,2025-08-12 14:44:50,8.0,0.01,0.0,0.01,0.0,0.0,10.0,16444.0,7.500000625,False,REGULAR,USD,AMC,call,2025-08-15,options_calls_20250815.csv,,,,,,,
AMC250815P00001000,2025-08-11 15:36:53,1.0,0.01,0.0,0.01,0.0,0.0,2.0,3.0,10.00000375,False,REGULAR,USD,AMC,put,2025-08-15,options_puts_20250815.csv,,,,,,,
AMC250815P00001500,2025-08-11 13:52:16,1.5,0.01,0.0,0.01,0.0,0.0,1.0,62.0,6.500001875000001,False,REGULAR,USD,AMC,put,2025-08-15,options_puts_20250815.csv,,,,,,,
AMC250815P00002000,2025-08-12 13:51:53,2.0,0.01,0.0,0.01,0.0,0.0,4.0,1514.0,4.000005,False,REGULAR,USD,AMC,put,2025-08-15,options_puts_20250815.csv,,,,,,,
AMC250815P00002500,2025-08-14 19:28:52,2.5,0.01,0.0,0.01,0.0,0.0,19.0,12390.0,2.1250046875,False,REGULAR,USD,AMC,put,2025-08-15,options_puts_20250815.csv,,,,,,,
AMC250815P00003000,2025-08-14 19:59:22,3.0,0.03,0.02,0.03,-0.01,-25.0,4899.0,14311.0,0.6562534375000001,False,REGULAR,USD,AMC,put,2025-08-15,options_puts_20250815.csv,,,,,,,
AMC250815P00003500,2025-08-14 19:50:51,3.5,0.47,0.44,0.49,0.030000001,6.818182,901.0,2624.0,1.625001875,True,REGULAR,USD,AMC,put,2025-08-15,options_puts_20250815.csv,,,,,,,
AMC250815P00004000,2025-08-14 19:53:45,4.0,0.97,0.94,1.01,0.04000002,4.3010774,11.0,954.0,3.3750015625,True,REGULAR,USD,AMC,put,2025-08-15,options_puts_20250815.csv,,,,,,,
AMC250815P00004500,2025-08-14 14:41:22,4.5,1.48,1.44,1.47,-0.01999998,-1.3333321,5.0,101.0,4.000005,True,REGULAR,USD,AMC,put,2025-08-15,options_puts_20250815.csv,,,,,,,
AMC250815P00005000,2025-08-14 17:22:12,5.0,1.94,1.94,1.97,-0.049999952,-2.5125604,4.0,273.0,4.875003906249999,True,REGULAR,USD,AMC,put,2025-08-15,options_puts_20250815.csv,,,,,,,
AMC250815P00005500,2025-08-11 19:16:06,5.5,2.47,2.43,2.48,0.0,0.0,10.0,8.0,6.37500203125,True,REGULAR,USD,AMC,put,2025-08-15,options_puts_20250815.csv,,,,,,,
AMC250815P00006000,2025-08-11 16:05:14,6.0,2.94,2.92,2.98,0.0,0.0,19.0,16.0,7.00000125,True,REGULAR,USD,AMC,put,2025-08-15,options_puts_20250815.csv,,,,,,,
AMC250815P00006500,2025-08-04 19:57:36,6.5,3.63,3.4,3.5,0.0,0.0,2.0,0.0,8.75000453125,True,REGULAR,USD,AMC,put,2025-08-15,options_puts_20250815.csv,,,,,,,
AMC250815P00007000,2025-08-04 19:57:36,7.0,4.09,3.85,4.1,0.0,0.0,2.0,1.0,7.87500015625,True,REGULAR,USD,AMC,put,2025-08-15,options_puts_20250815.csv,,,,,,,
AMC250815P00008000,2025-08-12 14:02:42,8.0,5.1,4.9,5.1,0.0,0.0,1.0,3.0,10.4375034765625,True,REGULAR,USD,AMC,put,2025-08-15,options_puts_20250815.csv,,,,,,,
AMC250822C00000500,2025-08-22 18:44:33,0.5,2.42,2.41,2.46,-0.01999998,-0.81967133,11.0,21.0,17.500004531250003,True,REGULAR,USD,AMC,call,2025-08-22,options_calls_20250822.csv,,,,,,,
AMC250822C00001000,2025-08-22 19:24:18,1.0,1.94,1.91,1.94,0.09000003,4.8648667,7.0,19.0,1.0000000000000004e-05,True,REGULAR,USD,AMC,call,2025-08-22,options_calls_20250822.csv,,,,,,,
AMC250822C00001500,2025-08-21 19:59:21,1.5,1.43,1.39,1.51,0.18999994,15.322576,2.0,17.0,0.500005,True,REGULAR,USD,AMC,call,2025-08-22,options_calls_20250822.csv,,,,,,,
AMC250822C00002000,2025-08-22 19:30:39,2.0,0.91,0.91,0.94,0.08000004,9.523814,100.0,125.0,1.0000000000000004e-05,True,REGULAR,USD,AMC,call,2025-08-22,options_calls_20250822.csv,,,,,,,
AMC250822C00002500,2025-08-22 19:31:24,2.5,0.42,0.41,0.42,0.089999974,27.272718,2919.0,3037.0,1.0000000000000004e-05,True,REGULAR,USD,AMC,call,2025-08-22,options_calls_20250822.csv,,,,,,,
AMC250822C00003000,2025-08-22 19:28:31,3.0,0.01,0.0,0.01,-0.01,-50.0,5607.0,18367.0,0.437505625,False,REGULAR,USD,AMC,call,2025-08-22,options_calls_20250822.csv,,,,,,,
AMC250822C00003500,2025-08-22 19:07:56,3.5,0.01,0.0,0.01,0.0,0.0,819.0,18636.0,1.875000625,False,REGULAR,USD,AMC,call,2025-08-22,options_calls_20250822.csv,,,,,,,
AMC250822C00004000,2025-08-22 17:23:44,4.0,0.01,0.0,0.01,0.0,0.0,35.0,8357.0,3.0000025,False,REGULAR,USD,AMC,call,2025-08-22,options_calls_20250822.csv,,,,,,,
AMC250822C00004500,2025-08-21 13:30:10,4.5,0.01,0.0,0.01,0.0,0.0,1.0,2428.0,3.8750003125,False,REGULAR,USD,AMC,call,2025-08-22,options_calls_20250822.csv,,,,,,,
AMC250822C00005000,2025-08-22 19:18:50,5.0,0.01,0.0,0.01,0.0,0.0,5.0,3281.0,4.7500040625,False,REGULAR,USD,AMC,call,2025-08-22,options_calls_20250822.csv,,,,,,,
AMC250822C00005500,2025-08-19 16:28:14,5.5,0.01,0.0,0.01,0.0,0.0,4.0,479.0,5.250003437499999,False,REGULAR,USD,AMC,call,2025-08-22,options_calls_20250822.csv,,,,,,,
AMC250822C00006000,2025-08-21 18:36:22,6.0,0.01,0.0,0.01,0.0,0.0,2.0,2049.0,6.0000025,False,REGULAR,USD,AMC,call,2025-08-22,options_calls_20250822.csv,,,,,,,
AMC250822C00006500,2025-08-21 16:22:09,6.5,0.01,0.0,0.01,0.0,0.0,5.0,5709.0,6.500001875000001,False,REGULAR,USD,AMC,call,2025-08-22,options_calls_20250822.csv,,,,,,,
AMC250822P00000500,2025-08-11 14:02:28,0.5,0.01,0.0,0.01,0.0,0.0,1.0,4.0,15.5000003125,False,REGULAR,USD,AMC,put,2025-08-22,options_puts_20250822.csv,,,,,,,
AMC250822P00001000,2025-08-20 14:20:51,1.0,0.01,0.0,0.01,0.0,0.0,1.0,5.0,9.5000040625,False,REGULAR,USD,AMC,put,2025-08-22,options_puts_20250822.csv,,,,,,,
AMC250822P00001500,2025-08-04 13:35:56,1.5,0.01,0.0,0.01,0.0,0.0,20.0,22.0,6.2500021875,False,REGULAR,USD,AMC,put,2025-08-22,options_puts_20250822.csv,,,,,,,
AMC250822P00002000,2025-08-19 13:30:01,2.0,0.01,0.0,0.01,0.0,0.0,1.0,799.0,3.750000625,False,REGULAR,USD,AMC,put,2025-08-22,options_puts_20250822.csv,,,,,,,
AMC250822P00002500,2025-08-21 17:18:21,2.5,0.01,0.0,0.01,0.0,0.0,20.0,3047.0,1.875000625,False,REGULAR,USD,AMC,put,2025-08-22,options_puts_20250822.csv,,,,,,,
AMC250822P00003000,2025-08-22 19:31:51,3.0,0.07,0.06,0.07,-0.089999996,-56.25,2540.0,7638.0,0.5625043750000001,True,REGULAR,USD,AMC,put,2025-08-22,options_puts_20250822.csv,,,,,,,
AMC250822P00003500,2025-08-22 19:28:13,3.5,0.57,0.56,0.64,-0.09000003,-13.636369,9.0,139.0,3.3750015625,True,REGULAR,USD,AMC,put,2025-08-22,options_puts_20250822.csv,,,,,,,
AMC250822P00004000,2025-08-21 15:46:51,4.0,1.12,1.04,1.1,0.00999999,0.9009,1.0,40.0,3.8750003125,True,REGULAR,USD,AMC,put,2025-08-22,options_puts_20250822.csv,,,,,,,
AMC250822P00004500,2025-08-21 13:42:32,4.5,1.63,1.53,1.59,0.0,0.0,1.0,1.0,4.375004531249999,True,REGULAR,USD,AMC,put,2025-08-22,options_puts_20250822.csv,,,,,,,
AMC250822P00005000,2025-08-18 13:30:10,5.0,2.06,2.05,2.11,0.0,0.0,3.0,0.0,6.37500203125,True,REGULAR,USD,AMC,put,2025-08-22,options_puts_20250822.csv,,,,,,,
AMC250822P00006500,2025-08-21 14:46:53,6.5,3.55,3.55,3.65,-0.70000005,-16.47059,4.0,4.0,9.5000040625,True,REGULAR,USD,AMC,put,2025-08-22,options_puts_20250822.csv,,,,,,,
AMC250829C00000500,2025-08-20 13:57:52,0.5,2.36,2.36,2.86,0.0,0.0,5.0,26.0,13.5000015625,True,REGULAR,USD,AMC,call,2025-08-29,options_calls_20250829.csv,,,,,,,
AMC250829C00001000,2025-08-15 17:18:51,1.0,2.04,1.48,2.15,0.0,0.0,2.0,2.0,8.937504414062499,True,REGULAR,USD,AMC,call,2025-08-29,options_calls_20250829.csv,,,,,,,
AMC250829C00001500,2025-08-22 13:30:04,1.5,1.41,1.29,1.68,0.00999999,0.714285,2.0,9.0,3.43750140625,True,REGULAR,USD,AMC,call,2025-08-29,options_calls_20250829.csv,,,,,,,
AMC250829C00002000,2025-08-22 19:53:00,2.0,0.97,0.83,1.05,0.13000005,15.476198,74.0,79.0,3.06250234375,True,REGULAR,USD,AMC,call,2025-08-29,options_calls_20250829.csv,,,,,,,
AMC250829C00002500,2025-08-22 19:57:40,2.5,0.44,0.44,0.45,0.09,25.714287,234.0,11141.0,0.500005,True,REGULAR,USD,AMC,call,2025-08-29,options_calls_20250829.csv,,,,,,,
AMC250829C00003000,2025-08-22 19:59:25,3.0,0.05,0.05,0.06,0.0,0.0,7115.0,9649.0,0.500005,False,REGULAR,USD,AMC,call,2025-08-29,options_calls_20250829.csv,,,,,,,
AMC250829C00003500,2025-08-22 19:59:52,3.5,0.02,0.01,0.02,-0.01,-33.333336,2865.0,8192.0,0.8906260937499999,False,REGULAR,USD,AMC,call,2025-08-29,options_calls_20250829.csv,,,,,,,
AMC250829C00004000,2025-08-22 19:59:31,4.0,0.02,0.01,0.02,0.01,100.0,263.0,7881.0,1.375003125,False,REGULAR,USD,AMC,call,2025-08-29,options_calls_20250829.csv,,,,,,,
AMC250829C00004500,2025-08-22 17:21:09,4.5,0.01,0.0,0.02,0.0,0.0,12.0,1478.0,1.625001875,False,REGULAR,USD,AMC,call,2025-08-29,options_calls_20250829.csv,,,,,,,
AMC250829C00005000,2025-08-22 19:59:02,5.0,0.01,0.01,0.02,0.0,0.0,844.0,3660.0,2.0937547656249995,False,REGULAR,USD,AMC,call,2025-08-29,options_calls_20250829.csv,,,,,,,
AMC250829C00005500,2025-08-22 17:21:20,5.5,0.02,0.0,0.02,0.01,100.0,103.0,696.0,2.250004375,False,REGULAR,USD,AMC,call,2025-08-29,options_calls_20250829.csv,,,,,,,
AMC250829C00006000,2025-08-22 15:36:06,6.0,0.01,0.0,0.02,0.0,0.0,9.0,1006.0,2.50000375,False,REGULAR,USD,AMC,call,2025-08-29,options_calls_20250829.csv,,,,,,,
AMC250829C00006500,2025-08-22 19:49:22,6.5,0.01,0.0,0.01,0.0,0.0,1596.0,5541.0,2.50000375,False,REGULAR,USD,AMC,call,2025-08-29,options_calls_20250829.csv,,,,,,,
AMC250829P00001000,2025-07-29 19:45:53,1.0,0.02,0.0,0.02,0.0,0.0,0.0,5.0,4.12500484375,False,REGULAR,USD,AMC,put,2025-08-29,options_puts_20250829.csv,,,,,,,
AMC250829P00001500,2025-08-07 18:40:26,1.5,0.01,0.0,0.27,0.0,0.0,1.0,2.0,5.187503515625,False,REGULAR,USD,AMC,put,2025-08-29,options_puts_20250829.csv,,,,,,,
AMC250829P00002000,2025-08-22 17:32:38,2.0,0.01,0.0,0.01,0.0,0.0,79.0,170.0,1.5000025,False,REGULAR,USD,AMC,put,2025-08-29,options_puts_20250829.csv,,,,,,,
AMC250829P00002500,2025-08-22 19:45:21,2.5,0.01,0.0,0.01,0.0,0.0,243.0,5116.0,0.6875031250000001,False,REGULAR,USD,AMC,put,2025-08-29,options_puts_20250829.csv,,,,,,,
AMC250829P00003000,2025-08-22 19:58:13,3.0,0.11,0.1,0.12,-0.08,-42.105263,2037.0,4687.0,0.500005,True,REGULAR,USD,AMC,put,2025-08-29,options_puts_20250829.csv,,,,,,,
AMC250829P00003500,2025-08-22 16:17:12,3.5,0.6,0.55,0.59,-0.029999971,-4.7619004,46.0,525.0,0.9687503125,True,REGULAR,USD,AMC,put,2025-08-29,options_puts_20250829.csv,,,,,,,
AMC250829P00004000,2025-08-20 19:52:16,4.0,1.15,1.0,1.09,-0.029999971,-2.5423706,1.0,24.0,1.734376328125,True,REGULAR,USD,AMC,put,2025-08-29,options_puts_20250829.csv,,,,,,,
AMC250829P00004500,2025-08-04 13:35:33,4.5,1.67,1.52,1.64,0.0,0.0,1.0,49.0,2.031254921875,True,REGULAR,USD,AMC,put,2025-08-29,options_puts_20250829.csv,,,,,,,
AMC250829P00005000,2025-08-20 13:30:08,5.0,2.0,1.99,2.13,-0.27999997,-12.280701,1.0,33.0,1.9375003125,True,REGULAR,USD,AMC,put,2025-08-29,options_puts_20250829.csv,,,,,,,
AMC250829P00005500,2025-08-11 13:30:24,5.5,2.33,2.47,2.6,0.0,0.0,2.0,2.0,3.031252421875,True,REGULAR,USD,AMC,put,2025-08-29,options_puts_20250829.csv,,,,,,,
AMC250829P00006000,2025-07-31 19:42:20,6.0,3.05,3.0,3.1,0.0,0.0,2.0,3.0,1.000005,True,REGULAR,USD,AMC,put,2025-08-29,options_puts_20250829.csv,,,,,,,
AMC250905C00000500,2025-08-20 14:10:02,0.5,2.36,1.99,2.73,0.0,0.0,2.0,9.0,12.8125019921875,True,REGULAR,USD,AMC,call,2025-09-05,options_calls_20250905.csv,,,,,,,
AMC250905C00001000,2025-08-15 17:17:54,1.0,2.08,1.48,2.23,0.0,0.0,2.0,8.0,7.37500078125,True,REGULAR,USD,AMC,call,2025-09-05,options_calls_20250905.csv,,,,,,,
AMC250905C00001500,2025-08-15 14:32:16,1.5,1.53,1.12,1.83,0.0,0.0,1.0,4.0,2.250004375,True,REGULAR,USD,AMC,call,2025-09-05,options_calls_20250905.csv,,,,,,,
AMC250905C00002000,2025-08-22 15:24:10,2.0,0.91,0.85,0.97,0.04000002,4.5977035,1.0,71.0,1.3437532812499997,True,REGULAR,USD,AMC,call,2025-09-05,options_calls_20250905.csv,,,,,,,
AMC250905C00002500,2025-08-22 19:43:47,2.5,0.44,0.42,0.47,0.06999999,18.918917,60.0,660.0,0.6875031250000001,True,REGULAR,USD,AMC,call,2025-09-05,options_calls_20250905.csv,,,,,,,
AMC250905C00003000,2025-08-22 19:59:50,3.0,0.09,0.09,0.1,0.010000005,12.500007,2170.0,19691.0,0.507817421875,False,REGULAR,USD,AMC,call,2025-09-05,options_calls_20250905.csv,,,,,,,
AMC250905C00003500,2025-08-22 19:49:01,3.5,0.04,0.03,0.04,0.0,0.0,593.0,6592.0,0.79687703125,False,REGULAR,USD,AMC,call,2025-09-05,options_calls_20250905.csv,,,,,,,
AMC250905C00004000,2025-08-22 19:17:35,4.0,0.02,0.02,0.03,0.0,0.0,373.0,2899.0,1.09375453125,False,REGULAR,USD,AMC,call,2025-09-05,options_calls_20250905.csv,,,,,,,
AMC250905C00004500,2025-08-22 19:28:31,4.5,0.02,0.02,0.03,0.0,0.0,535.0,893.0,1.375003125,False,REGULAR,USD,AMC,call,2025-09-05,options_calls_20250905.csv,,,,,,,
AMC250905C00005000,2025-08-22 19:51:47,5.0,0.02,0.01,0.02,0.01,100.0,913.0,2135.0,1.46875265625,False,REGULAR,USD,AMC,call,2025-09-05,options_calls_20250905.csv,,,,,,,
AMC250905C00005500,2025-08-22 16:20:34,5.5,0.02,0.0,0.03,-0.01,-33.333336,62.0,591.0,1.6875015625,False,REGULAR,USD,AMC,call,2025-09-05,options_calls_20250905.csv,,,,,,,
AMC250905C00006000,2025-08-22 15:10:19,6.0,0.02,0.0,0.03,0.01,100.0,438.0,260.0,1.875000625,False,REGULAR,USD,AMC,call,2025-09-05,options_calls_20250905.csv,,,,,,,
AMC250905C00006500,2025-08-22 16:35:11,6.5,0.02,0.0,0.02,0.0,0.0,49.0,250.0,1.90625046875,False,REGULAR,USD,AMC,call,2025-09-05,options_calls_20250905.csv,,,,,,,
AMC250905C00007000,2025-08-22 19:55:00,7.0,0.02,0.01,0.03,0.0,0.0,1155.0,5624.0,2.281254296875,False,REGULAR,USD,AMC,call,2025-09-05,options_calls_20250905.csv,,,,,,,
AMC250905P00001000,2025-08-01 14:44:53,1.0,0.01,0.0,0.02,0.0,0.0,2.0,2.0,2.8750028125,False,REGULAR,USD,AMC,put,2025-09-05,options_puts_20250905.csv,,,,,,,
AMC250905P00001500,2025-08-08 18:57:56,1.5,0.01,0.0,0.03,0.0,0.0,10.0,19.0,2.031254921875,False,REGULAR,USD,AMC,put,2025-09-05,options_puts_20250905.csv,,,,,,,
AMC250905P00002000,2025-08-21 16:15:25,2.0,0.02,0.0,0.04,-0.02,-50.0,1.0,21.0,1.3437532812499997,False,REGULAR,USD,AMC,put,2025-09-05,options_puts_20250905.csv,,,,,,,
AMC250905P00002500,2025-08-22 17:20:08,2.5,0.01,0.0,0.01,-0.01,-50.0,18.0,1937.0,0.500005,False,REGULAR,USD,AMC,put,2025-09-05,options_puts_20250905.csv,,,,,,,
AMC250905P00003000,2025-08-22 19:42:01,3.0,0.15,0.13,0.16,-0.06999999,-31.818178,323.0,2158.0,0.507817421875,True,REGULAR,USD,AMC,put,2025-09-05,options_puts_20250905.csv,,,,,,,
AMC250905P00003500,2025-08-21 19:59:27,3.5,0.62,0.57,0.61,-0.050000012,-7.462688,7.0,305.0,0.8281267187499999,True,REGULAR,USD,AMC,put,2025-09-05,options_puts_20250905.csv,,,,,,,
AMC250905P00004000,2025-08-20 19:52:16,4.0,1.09,1.06,1.1,-0.07999992,-6.8376007,6.0,58.0,1.140629296875,True,REGULAR,USD,AMC,put,2025-09-05,options_puts_20250905.csv,,,,,,,
AMC250905P00004500,2025-07-28 14:02:17,4.5,1.37,1.47,1.64,0.0,0.0,0.0,5.0,1.0625046875000002,True,REGULAR,USD,AMC,put,2025-09-05,options_puts_20250905.csv,,,,,,,
AMC250905P00005000,2025-08-20 15:05:10,5.0,2.19,1.97,2.13,0.0,0.0,30.0,15.0,0.500005,True,REGULAR,USD,AMC,put,2025-09-05,options_puts_20250905.csv,,,,,,,
AMC250905P00005500,2025-08-15 14:09:09,5.5,2.48,2.47,2.6,0.0,0.0,2.0,0.0,2.1406296484375,True,REGULAR,USD,AMC,put,2025-09-05,options_puts_20250905.csv,,,,,,,
AMC250905P00007000,2025-08-18 15:09:22,7.0,3.99,3.45,4.75,0.0,0.0,1.0,1.0,2.68750328125,True,REGULAR,USD,AMC,put,2025-09-05,options_puts_20250905.csv,,,,,,,
AMC250912C00000500,2025-08-15 16:54:52,0.5,2.61,1.98,2.73,0.0,0.0,2.0,4.0,10.4375034765625,True,REGULAR,USD,AMC,call,2025-09-12,options_calls_20250912.csv,,,,,,,
AMC250912C00001000,2025-08-11 19:59:18,1.0,2.02,1.49,2.34,0.0,0.0,0.0,1.0,7.1718760351562505,True,REGULAR,USD,AMC,call,2025-09-12,options_calls_20250912.csv,,,,,,,
AMC250912C00001500,2025-08-13 13:30:01,1.5,1.63,1.23,1.75,0.0,0.0,0.0,1.0,2.06250484375,True,REGULAR,USD,AMC,call,2025-09-12,options_calls_20250912.csv,,,,,,,
AMC250912C00002000,2025-08-21 17:16:34,2.0,0.9,0.89,0.98,0.03999996,4.6511583,3.0,49.0,1.21875390625,True,REGULAR,USD,AMC,call,2025-09-12,options_calls_20250912.csv,,,,,,,
AMC250912C00002500,2025-08-22 15:32:30,2.5,0.45,0.42,0.51,0.07999998,21.621616,19.0,226.0,0.5312546875,True,REGULAR,USD,AMC,call,2025-09-12,options_calls_20250912.csv,,,,,,,
AMC250912C00003000,2025-08-22 19:59:10,3.0,0.14,0.13,0.15,0.020000003,16.66667,584.0,1803.0,0.57812921875,False,REGULAR,USD,AMC,call,2025-09-12,options_calls_20250912.csv,,,,,,,
AMC250912C00003500,2025-08-22 19:41:59,3.5,0.06,0.05,0.06,0.0,0.0,573.0,1705.0,0.7656273437500001,False,REGULAR,USD,AMC,call,2025-09-12,options_calls_20250912.csv,,,,,,,
AMC250912C00004000,2025-08-22 19:25:27,4.0,0.05,0.03,0.05,0.010000002,25.000004,186.0,728.0,1.000005,False,REGULAR,USD,AMC,call,2025-09-12,options_calls_20250912.csv,,,,,,,
AMC250912C00004500,2025-08-22 18:53:06,4.5,0.04,0.03,0.04,0.03,300.0,8.0,368.0,1.21875390625,False,REGULAR,USD,AMC,call,2025-09-12,options_calls_20250912.csv,,,,,,,
AMC250912C00005000,2025-08-22 19:12:42,5.0,0.04,0.01,0.04,0.02,100.0,65.0,486.0,1.3281283593749995,False,REGULAR,USD,AMC,call,2025-09-12,options_calls_20250912.csv,,,,,,,
AMC250912C00005500,2025-08-22 19:06:06,5.5,0.04,0.02,0.08,-0.010000002,-20.000002,24.0,224.0,1.75000125,False,REGULAR,USD,AMC,call,2025-09-12,options_calls_20250912.csv,,,,,,,
AMC250912C00006000,2025-08-22 19:51:59,6.0,0.03,0.02,0.03,0.01,50.0,336.0,568.0,1.65625171875,False,REGULAR,USD,AMC,call,2025-09-12,options_calls_20250912.csv,,,,,,,
AMC250912P00002000,2025-08-22 15:31:50,2.0,0.01,0.01,0.02,0.0,0.0,6.0,14.0,1.0312548437500002,False,REGULAR,USD,AMC,put,2025-09-12,options_puts_20250912.csv,,,,,,,
AMC250912P00002500,2025-08-22 18:25:58,2.5,0.04,0.0,0.09,-0.010000002,-20.000002,5.0,989.0,0.73437765625,False,REGULAR,USD,AMC,put,2025-09-12,options_puts_20250912.csv,,,,,,,
AMC250912P00003000,2025-08-22 17:08:49,3.0,0.19,0.18,0.2,-0.060000002,-24.0,33.0,1205.0,0.57812921875,True,REGULAR,USD,AMC,put,2025-09-12,options_puts_20250912.csv,,,,,,,
AMC250912P00003500,2025-08-22 17:22:28,3.5,0.62,0.59,0.63,-0.07999998,-11.428569,51.0,764.0,0.789064609375,True,REGULAR,USD,AMC,put,2025-09-12,options_puts_20250912.csv,,,,,,,
AMC250912P00004000,2025-08-15 15:59:42,4.0,1.03,0.99,1.11,0.0,0.0,9.0,7.0,0.500005,True,REGULAR,USD,AMC,put,2025-09-12,options_puts_20250912.csv,,,,,,,
AMC250912P00005000,2025-08-21 17:36:12,5.0,2.17,2.0,2.12,0.0,0.0,1.0,40.0,1.125004375,True,REGULAR,USD,AMC,put,2025-09-12,options_puts_20250912.csv,,,,,,,
AMC250912P00005500,2025-08-13 14:40:12,5.5,2.49,2.5,2.6,0.0,0.0,20.0,20.0,0.500005,True,REGULAR,USD,AMC,put,2025-09-12,options_puts_20250912.csv,,,,,,,
AMC250919C00001000,2025-08-18 15:23:47,1.0,2.0,1.78,2.09,0.0,0.0,2.0,379.0,3.8906252734375,True,REGULAR,USD,AMC,call,2025-09-19,options_calls_20250919.csv,,,,,,,
AMC250919C00001500,2025-08-22 14:37:40,1.5,1.42,1.43,1.47,0.049999952,3.6496315,10.0,309.0,0.500005,True,REGULAR,USD,AMC,call,2025-09-19,options_calls_20250919.csv,,,,,,,
AMC250919C00002000,2025-08-22 19:03:55,2.0,0.93,0.94,0.98,0.050000012,5.6818194,27.0,1225.0,0.8125018749999999,True,REGULAR,USD,AMC,call,2025-09-19,options_calls_20250919.csv,,,,,,,
AMC250919C00002500,2025-08-22 19:31:20,2.5,0.47,0.47,0.5,0.08000001,20.512823,63.0,4029.0,0.585941640625,True,REGULAR,USD,AMC,call,2025-09-19,options_calls_20250919.csv,,,,,,,
AMC250919C00003000,2025-08-22 19:58:45,3.0,0.17,0.17,0.18,0.019999996,13.333329,1221.0,10863.0,0.6054726953125001,False,REGULAR,USD,AMC,call,2025-09-19,options_calls_20250919.csv,,,,,,,
AMC250919C00003500,2025-08-22 19:53:34,3.5,0.09,0.08,0.09,0.020000003,28.571432,589.0,17529.0,0.7812521875,False,REGULAR,USD,AMC,call,2025-09-19,options_calls_20250919.csv,,,,,,,
AMC250919C00004000,2025-08-22 19:58:40,4.0,0.05,0.04,0.05,0.010000002,25.000004,238.0,16797.0,0.8906260937499999,False,REGULAR,USD,AMC,call,2025-09-19,options_calls_20250919.csv,,,,,,,
AMC250919C00004500,2025-08-22 19:54:52,4.5,0.04,0.03,0.04,0.0,0.0,282.0,10019.0,1.0546922265625,False,REGULAR,USD,AMC,call,2025-09-19,options_calls_20250919.csv,,,,,,,
AMC250919C00005000,2025-08-22 19:47:27,5.0,0.04,0.03,0.05,0.01,33.333336,252.0,18128.0,1.2812535937499998,False,REGULAR,USD,AMC,call,2025-09-19,options_calls_20250919.csv,,,,,,,
AMC250919C00005500,2025-08-22 19:46:23,5.5,0.03,0.02,0.05,0.0,0.0,638.0,3209.0,1.390628046875,False,REGULAR,USD,AMC,call,2025-09-19,options_calls_20250919.csv,,,,,,,
AMC250919C00006000,2025-08-22 16:18:21,6.0,0.03,0.03,0.04,0.0,0.0,273.0,4430.0,1.53125234375,False,REGULAR,USD,AMC,call,2025-09-19,options_calls_20250919.csv,,,,,,,
AMC250919C00007000,2025-08-22 18:17:19,7.0,0.03,0.02,0.03,0.0,0.0,777.0,22132.0,1.671876640625,False,REGULAR,USD,AMC,call,2025-09-19,options_calls_20250919.csv,,,,,,,
AMC250919C00008000,2025-08-22 19:29:00,8.0,0.03,0.02,0.03,0.0,0.0,808.0,6560.0,1.875000625,False,REGULAR,USD,AMC,call,2025-09-19,options_calls_20250919.csv,,,,,,,
AMC250919P00001000,2025-07-28 13:30:03,1.0,0.01,0.0,0.01,0.0,0.0,5.0,708.0,1.875000625,False,REGULAR,USD,AMC,put,2025-09-19,options_puts_20250919.csv,,,,,,,
AMC250919P00001500,2025-08-20 18:51:28,1.5,0.01,0.0,0.02,0.0,0.0,40.0,590.0,1.3125034374999998,False,REGULAR,USD,AMC,put,2025-09-19,options_puts_20250919.csv,,,,,,,
AMC250919P00002000,2025-08-21 15:07:59,2.0,0.01,0.01,0.02,0.0,0.0,1200.0,3102.0,0.9062509375,False,REGULAR,USD,AMC,put,2025-09-19,options_puts_20250919.csv,,,,,,,
AMC250919P00002500,2025-08-22 19:32:15,2.5,0.04,0.03,0.04,-0.010000002,-20.000002,221.0,24619.0,0.585941640625,False,REGULAR,USD,AMC,put,2025-09-19,options_puts_20250919.csv,,,,,,,
AMC250919P00003000,2025-08-22 18:13:48,3.0,0.23,0.21,0.23,-0.040000007,-14.8148155,226.0,7607.0,0.5937540625000001,True,REGULAR,USD,AMC,put,2025-09-19,options_puts_20250919.csv,,,,,,,
AMC250919P00003500,2025-08-22 19:40:15,3.5,0.63,0.61,0.65,-0.04000002,-5.970152,85.0,5524.0,0.7656273437500001,True,REGULAR,USD,AMC,put,2025-09-19,options_puts_20250919.csv,,,,,,,
AMC250919P00004000,2025-08-21 18:43:53,4.0,1.19,1.08,1.12,0.0,0.0,13.0,834.0,0.92187578125,True,REGULAR,USD,AMC,put,2025-09-19,options_puts_20250919.csv,,,,,,,
AMC250919P00004500,2025-08-21 13:42:25,4.5,1.68,1.57,1.61,0.0,0.0,1.0,1807.0,1.09375453125,True,REGULAR,USD,AMC,put,2025-09-19,options_puts_20250919.csv,,,,,,,
AMC250919P00005000,2025-08-21 14:36:43,5.0,2.14,2.06,2.1,0.0,0.0,1.0,557.0,1.203128984375,True,REGULAR,USD,AMC,put,2025-09-19,options_puts_20250919.csv,,,,,,,
AMC250919P00005500,2025-08-20 15:07:48,5.5,2.66,2.56,2.6,-0.01999998,-0.7462679,2.0,264.0,1.359378203125,True,REGULAR,USD,AMC,put,2025-09-19,options_puts_20250919.csv,,,,,,,
AMC250919P00006000,2025-08-19 16:03:44,6.0,3.1,3.05,3.1,0.0,0.0,1.0,111.0,1.4375028125,True,REGULAR,USD,AMC,put,2025-09-19,options_puts_20250919.csv,,,,,,,
AMC250919P00007000,2025-08-19 14:11:43,7.0,4.05,4.0,4.15,0.0,0.0,1.0,36.0,1.671876640625,True,REGULAR,USD,AMC,put,2025-09-19,options_puts_20250919.csv,,,,,,,
AMC250926C00000500,2025-09-09 13:49:50,0.5,2.36,2.38,3.0,0.0,0.0,0.0,1.0,14.312501054687502,True,REGULAR,USD,AMC,call,2025-09-26,options_calls_20250926.csv,,,,,,,
AMC250926C00001000,2025-08-26 18:40:13,1.0,2.0,1.86,2.22,0.13999999,7.526881,2.0,1.0,5.12500359375,True,REGULAR,USD,AMC,call,2025-09-26,options_calls_20250926.csv,,,,,,,
AMC250926C00001500,2025-09-19 13:43:40,1.5,1.5,1.46,1.6,0.46000004,44.230774,27.0,5.0,3.1250021875,True,REGULAR,USD,AMC,call,2025-09-26,options_calls_20250926.csv,,,,,,,
AMC250926C00002000,2025-09-19 19:50:20,2.0,1.0,0.9,1.03,0.16000003,19.047623,95.0,145.0,1.96875015625,True,REGULAR,USD,AMC,call,2025-09-26,options_calls_20250926.csv,,,,,,,
AMC250926C00002500,2025-09-19 19:58:48,2.5,0.52,0.49,0.54,0.18999997,57.575745,1364.0,1391.0,0.7500025,True,REGULAR,USD,AMC,call,2025-09-26,options_calls_20250926.csv,,,,,,,
AMC250926C00003000,2025-09-19 19:59:39,3.0,0.14,0.13,0.15,0.1,250.0,53340.0,14271.0,0.8125018749999999,True,REGULAR,USD,AMC,call,2025-09-26,options_calls_20250926.csv,,,,,,,
AMC250926C00003500,2025-09-19 19:59:44,3.5,0.05,0.05,0.06,0.030000001,150.00002,16443.0,5148.0,1.21875390625,False,REGULAR,USD,AMC,call,2025-09-26,options_calls_20250926.csv,,,,,,,
AMC250926C00004000,2025-09-19 19:59:04,4.0,0.04,0.03,0.04,0.03,300.0,5207.0,4052.0,1.5937520312499998,False,REGULAR,USD,AMC,call,2025-09-26,options_calls_20250926.csv,,,,,,,
AMC250926C00004500,2025-09-19 19:58:25,4.5,0.03,0.01,0.03,0.01,50.0,2799.0,818.0,1.78125109375,False,REGULAR,USD,AMC,call,2025-09-26,options_calls_20250926.csv,,,,,,,
AMC250926C00005000,2025-09-19 19:33:00,5.0,0.02,0.02,0.04,0.01,100.0,1152.0,1993.0,2.31250421875,False,REGULAR,USD,AMC,call,2025-09-26,options_calls_20250926.csv,,,,,,,
AMC250926C00005500,2025-09-19 19:52:27,5.5,0.02,0.02,0.03,0.01,100.0,443.0,1491.0,2.531253671875,False,REGULAR,USD,AMC,call,2025-09-26,options_calls_20250926.csv,,,,,,,
AMC250926C00006000,2025-09-19 19:59:14,6.0,0.02,0.01,0.02,0.01,100.0,3677.0,6033.0,2.56250359375,False,REGULAR,USD,AMC,call,2025-09-26,options_calls_20250926.csv,,,,,,,
AMC250926P00001000,2025-08-15 15:21:47,1.0,0.05,0.0,0.01,0.0,0.0,0.0,2.0,3.750000625,False,REGULAR,USD,AMC,put,2025-09-26,options_puts_20250926.csv,,,,,,,
AMC250926P00001500,2025-09-04 17:00:00,1.5,0.01,0.0,0.01,0.0,0.0,2.0,4.0,2.50000375,False,REGULAR,USD,AMC,put,2025-09-26,options_puts_20250926.csv,,,,,,,
AMC250926P00002000,2025-09-12 16:27:02,2.0,0.02,0.0,0.01,0.0,0.0,1.0,38.0,1.5000025,False,REGULAR,USD,AMC,put,2025-09-26,options_puts_20250926.csv,,,,,,,
AMC250926P00002500,2025-09-19 19:02:38,2.5,0.02,0.01,0.02,0.01,100.0,159.0,2023.0,0.98437515625,False,REGULAR,USD,AMC,put,2025-09-26,options_puts_20250926.csv,,,,,,,
AMC250926P00003000,2025-09-19 19:59:45,3.0,0.13,0.13,0.15,-0.060000002,-31.578949,2422.0,2485.0,0.87500125,False,REGULAR,USD,AMC,put,2025-09-26,options_puts_20250926.csv,,,,,,,
AMC250926P00003500,2025-09-19 19:58:48,3.5,0.54,0.53,0.57,-0.15999997,-22.857138,78.0,282.0,1.25000375,True,REGULAR,USD,AMC,put,2025-09-26,options_puts_20250926.csv,,,,,,,
AMC250926P00004000,2025-09-19 17:10:07,4.0,1.05,1.0,1.06,-0.1400001,-11.764714,2.0,27.0,1.65625171875,True,REGULAR,USD,AMC,put,2025-09-26,options_puts_20250926.csv,,,,,,,
AMC250926P00004500,2025-09-02 18:57:55,4.5,1.76,1.42,1.68,0.0,0.0,0.0,0.0,2.328129179687499,True,REGULAR,USD,AMC,put,2025-09-26,options_puts_20250926.csv,,,,,,,
AMC250926P00005000,2025-09-09 14:27:08,5.0,2.2,1.94,2.19,0.0,0.0,20.0,0.0,2.8906277734375,True,REGULAR,USD,AMC,put,2025-09-26,options_puts_20250926.csv,,,,,,,
AMC250926P00005500,2025-09-09 14:37:40,5.5,2.51,2.38,2.67,-0.20000005,-7.380076,1.0,50.0,2.718753203125,True,REGULAR,USD,AMC,put,2025-09-26,options_puts_20250926.csv,,,,,,,
AMC250926P00006000,2025-09-08 13:30:01,6.0,3.1,2.92,3.05,-0.13000011,-4.024771,1.0,0.0,3.3750015625,True,REGULAR,USD,AMC,put,2025-09-26,options_puts_20250926.csv,,,,,,,
AMC251003C00000500,2025-09-11 15:26:36,0.5,2.39,1.86,2.81,0.0400002,1.7021362,1.0,3.0,13.4375016015625,True,REGULAR,USD,AMC,call,2025-10-03,options_calls_20251003.csv,,,,,,,
AMC251003C00001000,2025-09-18 15:21:37,1.0,2.13,1.8,2.23,0.30000007,16.393446,1.0,2.0,2.6250034375,True,REGULAR,USD,AMC,call,2025-10-03,options_calls_20251003.csv,,,,,,,
AMC251003C00001500,2025-09-16 14:14:50,1.5,1.4,1.43,1.57,0.0,0.0,2.0,36.0,2.8750028125,True,REGULAR,USD,AMC,call,2025-10-03,options_calls_20251003.csv,,,,,,,
AMC251003C00002000,2025-09-19 19:15:20,2.0,0.98,0.94,1.03,0.13,15.294117,161.0,47.0,1.40625296875,True,REGULAR,USD,AMC,call,2025-10-03,options_calls_20251003.csv,,,,,,,
AMC251003C00002500,2025-09-19 19:56:04,2.5,0.52,0.52,0.56,0.15999997,44.44443,2583.0,240.0,0.8437515624999999,True,REGULAR,USD,AMC,call,2025-10-03,options_calls_20251003.csv,,,,,,,
AMC251003C00003000,2025-09-19 19:59:32,3.0,0.21,0.19,0.21,0.13999999,199.99997,32214.0,7405.0,0.8281267187499999,True,REGULAR,USD,AMC,call,2025-10-03,options_calls_20251003.csv,,,,,,,
AMC251003C00003500,2025-09-19 19:59:08,3.5,0.11,0.11,0.12,0.07,175.0,4326.0,3906.0,1.1796916015625,False,REGULAR,USD,AMC,call,2025-10-03,options_calls_20251003.csv,,,,,,,
AMC251003C00004000,2025-09-19 19:57:34,4.0,0.08,0.08,0.09,0.049999997,166.66666,4673.0,1477.0,1.46875265625,False,REGULAR,USD,AMC,call,2025-10-03,options_calls_20251003.csv,,,,,,,
AMC251003C00004500,2025-09-19 19:54:53,4.5,0.07,0.04,0.08,0.05,250.0,373.0,455.0,1.640626796875,False,REGULAR,USD,AMC,call,2025-10-03,options_calls_20251003.csv,,,,,,,
AMC251003C00005000,2025-09-19 19:38:37,5.0,0.06,0.05,0.07,0.04,200.0,764.0,1679.0,1.921875390625,False,REGULAR,USD,AMC,call,2025-10-03,options_calls_20251003.csv,,,,,,,
AMC251003C00005500,2025-09-19 19:58:55,5.5,0.05,0.04,0.06,0.010000002,25.000006,424.0,1218.0,2.0781298046874994,False,REGULAR,USD,AMC,call,2025-10-03,options_calls_20251003.csv,,,,,,,
AMC251003C00006000,2025-09-19 19:54:17,6.0,0.05,0.04,0.11,0.030000001,150.00002,860.0,1887.0,2.5156287109374995,False,REGULAR,USD,AMC,call,2025-10-03,options_calls_20251003.csv,,,,,,,
AMC251003P00001500,2025-09-08 17:18:49,1.5,0.01,0.0,0.01,0.0,0.0,1.0,4.0,1.75000125,False,REGULAR,USD,AMC,put,2025-10-03,options_puts_20251003.csv,,,,,,,
AMC251003P00002000,2025-09-19 14:41:05,2.0,0.01,0.0,0.01,-0.01,-50.0,3.0,2.0,1.0625046875000002,False,REGULAR,USD,AMC,put,2025-10-03,options_puts_20251003.csv,,,,,,,
AMC251003P00002500,2025-09-19 19:34:34,2.5,0.03,0.02,0.03,0.01,50.0,1166.0,2384.0,0.79687703125,False,REGULAR,USD,AMC,put,2025-10-03,options_puts_20251003.csv,,,,,,,
AMC251003P00003000,2025-09-19 19:52:32,3.0,0.2,0.18,0.21,-0.030000001,-13.043478,1004.0,950.0,0.851563984375,False,REGULAR,USD,AMC,put,2025-10-03,options_puts_20251003.csv,,,,,,,
AMC251003P00003500,2025-09-19 17:14:45,3.5,0.61,0.59,0.62,-0.06999999,-10.294116,24.0,53.0,1.1796916015625,True,REGULAR,USD,AMC,put,2025-10-03,options_puts_20251003.csv,,,,,,,
AMC251003P00004000,2025-09-16 15:29:18,4.0,1.16,1.05,1.1,0.0,0.0,1.0,17.0,1.46875265625,True,REGULAR,USD,AMC,put,2025-10-03,options_puts_20251003.csv,,,,,,,
AMC251003P00004500,2025-09-09 15:57:19,4.5,1.71,1.48,1.66,0.0,0.0,20.0,0.0,1.796876015625,True,REGULAR,USD,AMC,put,2025-10-03,options_puts_20251003.csv,,,,,,,
AMC251003P00005000,2025-09-17 15:25:55,5.0,2.14,1.96,2.17,0.0,0.0,30.0,0.0,2.0468798828125,True,REGULAR,USD,AMC,put,2025-10-03,options_puts_20251003.csv,,,,,,,
AMC251003P00005500,2025-09-12 15:11:16,5.5,2.72,2.47,2.67,0.0,0.0,0.0,1.0,2.328129179687499,True,REGULAR,USD,AMC,put,2025-10-03,options_puts_20251003.csv,,,,,,,
AMC251010C00001000,2025-09-08 18:54:12,1.0,2.05,1.83,2.22,0.17999995,9.625666,2.0,15.0,2.56250359375,True,REGULAR,USD,AMC,call,2025-10-10,options_calls_20251010.csv,,,,,,,
AMC251010C00001500,2025-09-16 13:30:07,1.5,1.42,1.41,1.58,0.0,0.0,2.0,3.0,2.4531288671875,True,REGULAR,USD,AMC,call,2025-10-10,options_calls_20251010.csv,,,,,,,
AMC251010C00002000,2025-09-19 18:27:09,2.0,0.91,0.91,1.05,0.050000012,5.813955,5.0,9.0,1.359378203125,True,REGULAR,USD,AMC,call,2025-10-10,options_calls_20251010.csv,,,,,,,
AMC251010C00002500,2025-09-19 19:16:57,2.5,0.56,0.53,0.57,0.22,64.70588,131.0,209.0,0.7578149218750001,True,REGULAR,USD,AMC,call,2025-10-10,options_calls_20251010.csv,,,,,,,
AMC251010C00003000,2025-09-19 19:56:46,3.0,0.26,0.25,0.27,0.16,159.99998,7044.0,3693.0,0.8906260937499999,True,REGULAR,USD,AMC,call,2025-10-10,options_calls_20251010.csv,,,,,,,
AMC251010C00003500,2025-09-19 19:56:47,3.5,0.15,0.14,0.15,0.10000001,200.00003,2836.0,1609.0,1.078129609375,False,REGULAR,USD,AMC,call,2025-10-10,options_calls_20251010.csv,,,,,,,
AMC251010C00004000,2025-09-19 19:54:34,4.0,0.13,0.1,0.12,0.089999996,225.0,2371.0,905.0,1.3203158984375,False,REGULAR,USD,AMC,call,2025-10-10,options_calls_20251010.csv,,,,,,,
AMC251010C00004500,2025-09-19 18:24:45,4.5,0.09,0.05,0.1,0.060000002,200.00003,332.0,110.0,1.4375028125,False,REGULAR,USD,AMC,call,2025-10-10,options_calls_20251010.csv,,,,,,,
AMC251010C00005000,2025-09-19 19:10:41,5.0,0.07,0.01,0.1,0.04,133.33334,349.0,386.0,1.5468772656249998,False,REGULAR,USD,AMC,call,2025-10-10,options_calls_20251010.csv,,,,,,,
AMC251010C00005500,2025-09-19 19:16:17,5.5,0.07,0.03,0.08,0.030000001,75.00001,1332.0,1219.0,1.734376328125,False,REGULAR,USD,AMC,call,2025-10-10,options_calls_20251010.csv,,,,,,,
AMC251010P00001500,2025-09-03 15:47:16,1.5,0.02,0.0,0.01,0.0,0.0,0.0,1.0,1.375003125,False,REGULAR,USD,AMC,put,2025-10-10,options_puts_20251010.csv,,,,,,,
AMC251010P00002000,2025-09-19 16:21:11,2.0,0.02,0.0,0.03,0.0,0.0,13.0,21.0,1.0625046875000002,False,REGULAR,USD,AMC,put,2025-10-10,options_puts_20251010.csv,,,,,,,
AMC251010P00002500,2025-09-19 19:42:06,2.5,0.04,0.03,0.06,0.0,0.0,138.0,91.0,0.79687703125,False,REGULAR,USD,AMC,put,2025-10-10,options_puts_20251010.csv,,,,,,,
AMC251010P00003000,2025-09-19 19:29:10,3.0,0.26,0.23,0.25,-0.01000002,-3.7037113,35.0,453.0,0.851563984375,False,REGULAR,USD,AMC,put,2025-10-10,options_puts_20251010.csv,,,,,,,
AMC251010P00003500,2025-09-18 19:16:58,3.5,0.7,0.61,0.66,0.0,0.0,3.0,89.0,1.078129609375,True,REGULAR,USD,AMC,put,2025-10-10,options_puts_20251010.csv,,,,,,,
AMC251010P00004000,2025-09-12 16:41:30,4.0,1.24,1.07,1.13,0.0,0.0,0.0,1.0,1.3203158984375,True,REGULAR,USD,AMC,put,2025-10-10,options_puts_20251010.csv,,,,,,,
AMC251010P00004500,2025-09-17 13:35:31,4.5,1.71,1.45,1.62,0.0,0.0,4.0,24.0,1.25000375,True,REGULAR,USD,AMC,put,2025-10-10,options_puts_20251010.csv,,,,,,,
AMC251010P00005000,2025-09-19 15:56:31,5.0,2.1,1.93,2.11,-0.21000004,-9.090911,20.0,20.0,1.3437532812499997,True,REGULAR,USD,AMC,put,2025-10-10,options_puts_20251010.csv,,,,,,,
AMC251010P00005500,2025-09-18 15:59:54,5.5,2.7,2.5,2.64,0.0,0.0,20.0,12.0,1.90625046875,True,REGULAR,USD,AMC,put,2025-10-10,options_puts_20251010.csv,,,,,,,
AMC251017C00000500,2025-09-11 15:28:47,0.5,2.36,2.07,2.71,0.0,0.0,1.0,22.0,7.5312505859375,True,REGULAR,USD,AMC,call,2025-10-17,options_calls_20251017.csv,,,,,,,
AMC251017C00001000,2025-09-11 16:12:20,1.0,1.79,1.93,2.08,0.0,0.0,0.0,0.0,3.156252109375,True,REGULAR,USD,AMC,call,2025-10-17,options_calls_20251017.csv,,,,,,,
AMC251017C00001500,2025-09-19 18:19:16,1.5,1.51,1.46,1.58,0.17999995,13.533831,3.0,111.0,1.375003125,True,REGULAR,USD,AMC,call,2025-10-17,options_calls_20251017.csv,,,,,,,
AMC251017C00002000,2025-09-19 17:38:02,2.0,0.99,1.0,1.06,0.13999999,16.470585,111.0,170.0,0.98437515625,True,REGULAR,USD,AMC,call,2025-10-17,options_calls_20251017.csv,,,,,,,
AMC251017C00002500,2025-09-19 19:53:54,2.5,0.57,0.57,0.61,0.18,46.15385,2597.0,2917.0,0.85937640625,True,REGULAR,USD,AMC,call,2025-10-17,options_calls_20251017.csv,,,,,,,
AMC251017C00003000,2025-09-19 19:59:56,3.0,0.3,0.29,0.3,0.16000001,114.28572,17771.0,11024.0,0.87500125,True,REGULAR,USD,AMC,call,2025-10-17,options_calls_20251017.csv,,,,,,,
AMC251017C00003500,2025-09-19 19:55:37,3.5,0.18,0.17,0.19,0.10000001,125.000015,8615.0,6260.0,1.0468797656250002,False,REGULAR,USD,AMC,call,2025-10-17,options_calls_20251017.csv,,,,,,,
AMC251017C00004000,2025-09-19 19:48:56,4.0,0.14,0.13,0.14,0.09,180.0,7409.0,4843.0,1.2421912890624998,False,REGULAR,USD,AMC,call,2025-10-17,options_calls_20251017.csv,,,,,,,
AMC251017C00004500,2025-09-19 19:52:46,4.5,0.12,0.1,0.12,0.08,200.0,728.0,1920.0,1.40625296875,False,REGULAR,USD,AMC,call,2025-10-17,options_calls_20251017.csv,,,,,,,
AMC251017C00005000,2025-09-19 19:57:13,5.0,0.09,0.09,0.1,0.060000002,200.00003,1891.0,3933.0,1.5468772656249998,False,REGULAR,USD,AMC,call,2025-10-17,options_calls_20251017.csv,,,,,,,
AMC251017C00005500,2025-09-19 19:52:47,5.5,0.06,0.0,0.1,0.009999998,19.999996,1194.0,1186.0,1.46875265625,False,REGULAR,USD,AMC,call,2025-10-17,options_calls_20251017.csv,,,,,,,
AMC251017C00006000,2025-09-19 19:58:50,6.0,0.07,0.07,0.08,0.04,133.33334,4557.0,6073.0,1.78125109375,False,REGULAR,USD,AMC,call,2025-10-17,options_calls_20251017.csv,,,,,,,
AMC251017P00000500,2025-08-21 13:31:03,0.5,0.03,0.0,0.01,0.0,0.0,0.0,1.0,3.0000025,False,REGULAR,USD,AMC,put,2025-10-17,options_puts_20251017.csv,,,,,,,
AMC251017P00001000,2025-09-04 17:00:00,1.0,0.01,0.0,0.01,0.0,0.0,2.0,7.0,1.875000625,False,REGULAR,USD,AMC,put,2025-10-17,options_puts_20251017.csv,,,,,,,
AMC251017P00001500,2025-09-05 13:49:57,1.5,0.01,0.0,0.01,0.0,0.0,3.0,15.0,1.25000375,False,REGULAR,USD,AMC,put,2025-10-17,options_puts_20251017.csv,,,,,,,
AMC251017P00002000,2025-09-19 13:44:06,2.0,0.03,0.01,0.02,0.02,200.0,5.0,1263.0,0.937500625,False,REGULAR,USD,AMC,put,2025-10-17,options_puts_20251017.csv,,,,,,,
AMC251017P00002500,2025-09-19 19:57:40,2.5,0.06,0.05,0.07,0.009999998,19.999996,251.0,2038.0,0.7656273437500001,False,REGULAR,USD,AMC,put,2025-10-17,options_puts_20251017.csv,,,,,,,
AMC251017P00003000,2025-09-19 19:46:56,3.0,0.27,0.24,0.3,-0.030000001,-10.0,415.0,1654.0,0.8281267187499999,False,REGULAR,USD,AMC,put,2025-10-17,options_puts_20251017.csv,,,,,,,
AMC251017P00003500,2025-09-19 15:01:31,3.5,0.7,0.65,0.69,-0.030000031,-4.109593,4.0,1048.0,1.0468797656250002,True,REGULAR,USD,AMC,put,2025-10-17,options_puts_20251017.csv,,,,,,,
AMC251017P00004000,2025-09-19 16:08:59,4.0,1.11,1.09,1.14,-0.09000003,-7.5000024,3.0,154.0,1.203128984375,True,REGULAR,USD,AMC,put,2025-10-17,options_puts_20251017.csv,,,,,,,
AMC251017P00004500,2025-09-16 18:04:00,4.5,1.66,1.57,1.62,0.0,0.0,133.0,464.0,1.3828155859374998,True,REGULAR,USD,AMC,put,2025-10-17,options_puts_20251017.csv,,,,,,,
AMC251017P00005000,2025-09-11 14:33:57,5.0,2.21,1.98,2.11,0.0,0.0,5.0,87.0,1.3281283593749995,True,REGULAR,USD,AMC,put,2025-10-17,options_puts_20251017.csv,,,,,,,
AMC251017P00005500,2025-09-19 16:07:34,5.5,2.54,2.43,2.62,-0.26,-9.285714,50.0,57.0,1.359378203125,True,REGULAR,USD,AMC,put,2025-10-17,options_puts_20251017.csv,,,,,,,
AMC251017P00006000,2025-09-08 13:30:01,6.0,3.26,2.99,3.1,0.0,0.0,1.0,15.0,1.65625171875,True,REGULAR,USD,AMC,put,2025-10-17,options_puts_20251017.csv,,,,,,,
AMC251024C00001000,2025-09-09 14:05:17,1.0,2.02,1.89,2.18,0.0,0.0,0.0,1.0,2.18750453125,True,REGULAR,USD,AMC,call,2025-10-24,options_calls_20251024.csv,,,,,,,
AMC251024C00001500,2025-09-19 13:45:11,1.5,1.5,1.46,1.7,0.13,9.489051,1.0,4.0,1.890625546875,True,REGULAR,USD,AMC,call,2025-10-24,options_calls_20251024.csv,,,,,,,
AMC251024C00002000,2025-09-18 14:54:47,2.0,1.0,0.88,1.05,0.13999999,16.279068,4.0,4.0,1.0546922265625,True,REGULAR,USD,AMC,call,2025-10-24,options_calls_20251024.csv,,,,,,,
AMC251024C00002500,2025-09-19 19:49:59,2.5,0.59,0.57,0.63,0.18999997,47.499992,259.0,497.0,0.804689453125,True,REGULAR,USD,AMC,call,2025-10-24,options_calls_20251024.csv,,,,,,,
AMC251024C00003000,2025-09-19 19:36:23,3.0,0.33,0.3,0.32,0.16000001,94.11765,521.0,1760.0,0.8242205078124999,True,REGULAR,USD,AMC,call,2025-10-24,options_calls_20251024.csv,,,,,,,
AMC251024C00003500,2025-09-19 19:55:11,3.5,0.21,0.17,0.22,0.11999999,133.33331,586.0,765.0,0.9804689453125,False,REGULAR,USD,AMC,call,2025-10-24,options_calls_20251024.csv,,,,,,,
AMC251024C00004000,2025-09-19 18:40:37,4.0,0.15,0.12,0.17,0.10000001,200.00003,139.0,881.0,1.140629296875,False,REGULAR,USD,AMC,call,2025-10-24,options_calls_20251024.csv,,,,,,,
AMC251024C00004500,2025-09-19 13:34:52,4.5,0.14,0.05,0.14,0.08,133.33334,16.0,261.0,1.1953165234375,False,REGULAR,USD,AMC,call,2025-10-24,options_calls_20251024.csv,,,,,,,
AMC251024C00005000,2025-09-19 19:56:10,5.0,0.11,0.06,0.1,0.07,175.0,548.0,502.0,1.3203158984375,False,REGULAR,USD,AMC,call,2025-10-24,options_calls_20251024.csv,,,,,,,
AMC251024C00005500,2025-09-19 18:56:20,5.5,0.1,0.01,0.1,0.07,233.33334,359.0,1986.0,1.3437532812499997,False,REGULAR,USD,AMC,call,2025-10-24,options_calls_20251024.csv,,,,,,,
AMC251024P00001000,2025-09-09 14:05:17,1.0,0.01,0.0,0.01,0.0,0.0,0.0,1.0,1.875000625,False,REGULAR,USD,AMC,put,2025-10-24,options_puts_20251024.csv,,,,,,,
AMC251024P00001500,2025-09-08 18:58:33,1.5,0.02,0.0,0.01,0.0,0.0,0.0,1.0,1.21875390625,False,REGULAR,USD,AMC,put,2025-10-24,options_puts_20251024.csv,,,,,,,
AMC251024P00002500,2025-09-19 19:36:09,2.5,0.08,0.06,0.09,0.029999997,59.999996,16.0,333.0,0.7421900781249999,False,REGULAR,USD,AMC,put,2025-10-24,options_puts_20251024.csv,,,,,,,
AMC251024P00003000,2025-09-19 17:21:41,3.0,0.32,0.29,0.33,-0.01000002,-3.0303092,97.0,289.0,0.851563984375,False,REGULAR,USD,AMC,put,2025-10-24,options_puts_20251024.csv,,,,,,,
AMC251024P00003500,2025-09-18 18:43:13,3.5,0.68,0.64,0.71,-0.029999971,-4.2253485,12.0,65.0,0.95312546875,True,REGULAR,USD,AMC,put,2025-10-24,options_puts_20251024.csv,,,,,,,
AMC251024P00005000,2025-09-19 18:40:31,5.0,2.08,1.95,2.27,-0.24000001,-10.344829,33.0,20.0,1.484377578125,True,REGULAR,USD,AMC,put,2025-10-24,options_puts_20251024.csv,,,,,,,
AMC251024P00005500,2025-09-09 14:43:36,5.5,2.65,2.51,2.87,-0.099999905,-3.6363602,20.0,20.0,1.953125234375,True,REGULAR,USD,AMC,put,2025-10-24,options_puts_20251024.csv,,,,,,,
AMC251031C00000500,2025-09-11 15:30:40,0.5,2.49,1.97,2.79,0.120000124,5.0632963,1.0,3.0,7.4062507421875,True,REGULAR,USD,AMC,call,2025-10-31,options_calls_20251031.csv,,,,,,,
AMC251031C00002500,2025-09-19 19:44:15,2.5,0.61,0.58,0.64,0.18,41.860466,516.0,402.0,0.7695335546875001,True,REGULAR,USD,AMC,call,2025-10-31,options_calls_20251031.csv,,,,,,,
AMC251031C00003000,2025-09-19 19:53:27,3.0,0.35,0.33,0.37,0.14999999,74.99999,885.0,718.0,0.851563984375,True,REGULAR,USD,AMC,call,2025-10-31,options_calls_20251031.csv,,,,,,,
AMC251031C00003500,2025-09-19 19:57:50,3.5,0.23,0.2,0.23,0.14,155.55554,498.0,467.0,0.945313046875,False,REGULAR,USD,AMC,call,2025-10-31,options_calls_20251031.csv,,,,,,,
AMC251031C00004000,2025-09-19 19:05:28,4.0,0.16,0.15,0.16,0.12,300.0,266.0,360.0,1.0703171484375005,False,REGULAR,USD,AMC,call,2025-10-31,options_calls_20251031.csv,,,,,,,
AMC251031C00004500,2025-09-19 19:35:28,4.5,0.13,0.06,0.15,0.06999999,116.666664,545.0,533.0,1.125004375,False,REGULAR,USD,AMC,call,2025-10-31,options_calls_20251031.csv,,,,,,,
AMC251031C00005000,2025-09-19 19:44:48,5.0,0.11,0.06,0.14,0.07,175.0,415.0,113.0,1.2812535937499998,False,REGULAR,USD,AMC,call,2025-10-31,options_calls_20251031.csv,,,,,,,
AMC251031C00005500,2025-09-19 18:49:11,5.5,0.11,0.09,0.11,0.06,119.99999,286.0,1009.0,1.4296903515625,False,REGULAR,USD,AMC,call,2025-10-31,options_calls_20251031.csv,,,,,,,
AMC251031P00002500,2025-09-19 19:06:49,2.5,0.1,0.0,0.11,0.009999998,11.111108,85.0,50.0,0.6015664843750002,False,REGULAR,USD,AMC,put,2025-10-31,options_puts_20251031.csv,,,,,,,
AMC251031P00003000,2025-09-19 19:19:31,3.0,0.33,0.31,0.35,-0.00999999,-2.9411738,7.0,270.0,0.8281267187499999,False,REGULAR,USD,AMC,put,2025-10-31,options_puts_20251031.csv,,,,,,,
AMC251031P00003500,2025-09-19 14:40:59,3.5,0.75,0.68,0.72,0.00999999,1.3513501,1.0,145.0,0.9335944140625,True,REGULAR,USD,AMC,put,2025-10-31,options_puts_20251031.csv,,,,,,,
AMC251121C00000500,2025-11-14 20:30:46,0.5,1.76,1.67,1.9,-0.14999998,-7.853402,6.0,24.0,5.250003437499999,True,REGULAR,USD,AMC,call,2025-11-21,options_calls_20251121.csv,,,,,,,
AMC251121C00001000,2025-11-14 20:50:47,1.0,1.26,1.16,1.35,-0.28999996,-18.709677,27.0,44.0,5.312503359374999,True,REGULAR,USD,AMC,call,2025-11-21,options_calls_20251121.csv,,,,,,,
AMC251121C00001500,2025-11-13 16:34:07,1.5,1.01,0.5,0.84,0.0,0.0,2.0,87.0,2.968752578125,True,REGULAR,USD,AMC,call,2025-11-21,options_calls_20251121.csv,,,,,,,
AMC251121C00002000,2025-11-14 20:58:31,2.0,0.29,0.26,0.33,-0.09,-23.684212,282.0,1588.0,0.8125018749999999,True,REGULAR,USD,AMC,call,2025-11-21,options_calls_20251121.csv,,,,,,,
AMC251121C00002500,2025-11-14 20:59:34,2.5,0.03,0.02,0.03,-0.03,-50.0,10621.0,19189.0,0.7500025,False,REGULAR,USD,AMC,call,2025-11-21,options_calls_20251121.csv,,,,,,,
AMC251121C00003000,2025-11-14 20:57:50,3.0,0.01,0.01,0.02,-0.02,-66.66667,5538.0,56754.0,1.3437532812499997,False,REGULAR,USD,AMC,call,2025-11-21,options_calls_20251121.csv,,,,,,,
AMC251121C00003500,2025-11-14 20:59:58,3.5,0.01,0.0,0.01,-0.01,-50.0,1491.0,12813.0,1.5000025,False,REGULAR,USD,AMC,call,2025-11-21,options_calls_20251121.csv,,,,,,,
AMC251121C00004000,2025-11-14 18:00:27,4.0,0.01,0.0,0.01,0.0,0.0,42.0,5150.0,1.875000625,False,REGULAR,USD,AMC,call,2025-11-21,options_calls_20251121.csv,,,,,,,
AMC251121C00004500,2025-11-13 20:23:37,4.5,0.01,0.0,0.01,0.0,0.0,147.0,3701.0,2.250004375,False,REGULAR,USD,AMC,call,2025-11-21,options_calls_20251121.csv,,,,,,,
AMC251121C00005000,2025-11-14 19:10:13,5.0,0.01,0.0,0.01,0.0,0.0,69.0,6660.0,2.50000375,False,REGULAR,USD,AMC,call,2025-11-21,options_calls_20251121.csv,,,,,,,
AMC251121C00005500,2025-11-14 20:38:38,5.5,0.01,0.0,0.01,0.0,0.0,22.0,6560.0,2.750003125,False,REGULAR,USD,AMC,call,2025-11-21,options_calls_20251121.csv,,,,,,,
AMC251121P00000500,2025-10-22 14:01:12,0.5,0.01,0.0,0.01,0.0,0.0,0.0,1.0,5.250003437499999,False,REGULAR,USD,AMC,put,2025-11-21,options_puts_20251121.csv,,,,,,,
AMC251121P00001000,2025-11-06 15:33:05,1.0,0.01,0.0,0.01,0.0,0.0,0.0,3.0,3.0000025,False,REGULAR,USD,AMC,put,2025-11-21,options_puts_20251121.csv,,,,,,,
AMC251121P00001500,2025-11-11 15:08:46,1.5,0.01,0.0,0.02,0.0,0.0,20.0,31.0,1.875000625,False,REGULAR,USD,AMC,put,2025-11-21,options_puts_20251121.csv,,,,,,,
AMC251121P00002000,2025-11-14 20:17:08,2.0,0.02,0.0,0.02,0.01,100.0,238.0,4186.0,0.7500025,False,REGULAR,USD,AMC,put,2025-11-21,options_puts_20251121.csv,,,,,,,
AMC251121P00002500,2025-11-14 20:49:25,2.5,0.25,0.23,0.27,0.049999997,24.999998,1340.0,6092.0,0.79687703125,True,REGULAR,USD,AMC,put,2025-11-21,options_puts_20251121.csv,,,,,,,
AMC251121P00003000,2025-11-14 20:51:23,3.0,0.74,0.68,0.8,0.09000003,13.846159,340.0,5273.0,1.4375028125,True,REGULAR,USD,AMC,put,2025-11-21,options_puts_20251121.csv,,,,,,,
AMC251121P00003500,2025-11-13 16:54:01,3.5,1.07,1.15,1.31,0.0,0.0,3.0,849.0,1.75000125,True,REGULAR,USD,AMC,put,2025-11-21,options_puts_20251121.csv,,,,,,,
AMC251121P00004000,2025-11-13 14:45:22,4.0,1.57,1.32,2.07,0.0,0.0,1.0,80.0,5.95312755859375,True,REGULAR,USD,AMC,put,2025-11-21,options_puts_20251121.csv,,,,,,,
AMC251121P00004500,2025-11-12 15:02:43,4.5,2.09,1.81,2.56,0.0,0.0,279.0,280.0,6.390627011718751,True,REGULAR,USD,AMC,put,2025-11-21,options_puts_20251121.csv,,,,,,,
AMC251121P00005000,2025-11-10 15:23:28,5.0,2.6,2.1,3.3,0.0,0.0,3.0,0.0,8.78125451171875,True,REGULAR,USD,AMC,put,2025-11-21,options_puts_20251121.csv,,,,,,,
AMC251121P00005500,2025-10-17 14:43:52,5.5,2.81,2.6,3.8,0.0,0.0,30.0,16.0,9.171879267578124,True,REGULAR,USD,AMC,put,2025-11-21,options_puts_20251121.csv,,,,,,,
AMC251128C00000500,2025-11-03 20:24:59,0.5,2.14,1.43,3.6,0.0,0.0,1.0,11.0,0.0,True,REGULAR,USD,AMC,call,2025-11-28,options_calls_20251128.csv,,,,,,,
AMC251128C00001000,2025-11-14 15:43:04,1.0,1.29,1.0,1.69,-0.110000014,-7.857144,1.0,7.0,3.656250859375001,True,REGULAR,USD,AMC,call,2025-11-28,options_calls_20251128.csv,,,,,,,
AMC251128C00001500,2025-11-14 16:44:45,1.5,0.75,0.64,1.14,-0.25,-25.0,2.0,12.0,2.6250034375,True,REGULAR,USD,AMC,call,2025-11-28,options_calls_20251128.csv,,,,,,,
AMC251128C00002000,2025-11-14 20:34:18,2.0,0.3,0.27,0.35,-0.060000002,-16.666668,39.0,188.0,0.73437765625,True,REGULAR,USD,AMC,call,2025-11-28,options_calls_20251128.csv,,,,,,,
AMC251128C00002500,2025-11-14 20:59:47,2.5,0.06,0.05,0.06,-0.030000005,-33.333336,2050.0,4602.0,0.73437765625,False,REGULAR,USD,AMC,call,2025-11-28,options_calls_20251128.csv,,,,,,,
AMC251128C00003000,2025-11-14 20:57:50,3.0,0.03,0.03,0.04,0.0,0.0,1273.0,12440.0,1.1875040625,False,REGULAR,USD,AMC,call,2025-11-28,options_calls_20251128.csv,,,,,,,
AMC251128C00003500,2025-11-14 20:59:40,3.5,0.03,0.02,0.03,0.01,50.0,486.0,3569.0,1.46875265625,False,REGULAR,USD,AMC,call,2025-11-28,options_calls_20251128.csv,,,,,,,
AMC251128C00004000,2025-11-14 20:53:47,4.0,0.02,0.02,0.06,0.0,0.0,942.0,1126.0,2.000005,False,REGULAR,USD,AMC,call,2025-11-28,options_calls_20251128.csv,,,,,,,
AMC251128C00004500,2025-11-13 19:23:04,4.5,0.01,0.0,0.08,0.0,0.0,2.0,891.0,2.281254296875,False,REGULAR,USD,AMC,call,2025-11-28,options_calls_20251128.csv,,,,,,,
AMC251128C00005000,2025-11-14 20:56:52,5.0,0.02,0.01,0.03,0.01,100.0,34.0,1095.0,2.2187544531249994,False,REGULAR,USD,AMC,call,2025-11-28,options_calls_20251128.csv,,,,,,,
AMC251128C00005500,2025-11-14 20:19:30,5.5,0.02,0.01,0.03,0.01,100.0,39.0,2088.0,2.406253984375,False,REGULAR,USD,AMC,call,2025-11-28,options_calls_20251128.csv,,,,,,,
AMC251128P00000500,2025-10-30 14:28:17,0.5,0.04,0.0,0.01,0.0,0.0,1.0,3.0,3.750000625,False,REGULAR,USD,AMC,put,2025-11-28,options_puts_20251128.csv,,,,,,,
AMC251128P00001000,2025-11-12 15:12:05,1.0,0.01,0.0,0.01,0.0,0.0,1.0,6.0,2.1250046875,False,REGULAR,USD,AMC,put,2025-11-28,options_puts_20251128.csv,,,,,,,
AMC251128P00001500,2025-11-07 20:52:18,1.5,0.01,0.0,0.01,0.0,0.0,2.0,109.0,1.125004375,False,REGULAR,USD,AMC,put,2025-11-28,options_puts_20251128.csv,,,,,,,
AMC251128P00002000,2025-11-14 20:51:23,2.0,0.04,0.0,0.04,0.02,100.0,97.0,2412.0,0.64062859375,False,REGULAR,USD,AMC,put,2025-11-28,options_puts_20251128.csv,,,,,,,
AMC251128P00002500,2025-11-14 20:44:31,2.5,0.26,0.22,0.3,0.029999986,13.043472,657.0,1476.0,0.64062859375,True,REGULAR,USD,AMC,put,2025-11-28,options_puts_20251128.csv,,,,,,,
AMC251128P00003000,2025-11-14 19:44:14,3.0,0.74,0.7,0.8,0.100000024,15.625005,125.0,1133.0,1.125004375,True,REGULAR,USD,AMC,put,2025-11-28,options_puts_20251128.csv,,,,,,,
AMC251128P00003500,2025-11-13 16:54:01,3.5,1.09,0.84,1.59,0.0,0.0,3.0,155.0,3.88281279296875,True,REGULAR,USD,AMC,put,2025-11-28,options_puts_20251128.csv,,,,,,,
AMC251128P00004000,2025-10-21 16:16:28,4.0,1.32,1.34,2.09,0.0,0.0,2.0,12.0,4.3281295898437495,True,REGULAR,USD,AMC,put,2025-11-28,options_puts_20251128.csv,,,,,,,
AMC251205C00000500,2025-11-03 20:26:01,0.5,2.14,1.43,2.18,0.0,0.0,1.0,3.0,4.062504921875,True,REGULAR,USD,AMC,call,2025-12-05,options_calls_20251205.csv,,,,,,,
AMC251205C00001000,2025-11-07 15:01:18,1.0,1.68,0.94,1.59,0.0,0.0,1.0,1.0,5.7500028125,True,REGULAR,USD,AMC,call,2025-12-05,options_calls_20251205.csv,,,,,,,
AMC251205C00001500,2025-11-13 20:20:37,1.5,0.86,0.44,1.2,0.0,0.0,3.0,61.0,1.5000025,True,REGULAR,USD,AMC,call,2025-12-05,options_calls_20251205.csv,,,,,,,
AMC251205C00002000,2025-11-14 20:39:13,2.0,0.3,0.22,0.4,-0.07999998,-21.052628,20.0,146.0,0.5937540625000001,True,REGULAR,USD,AMC,call,2025-12-05,options_calls_20251205.csv,,,,,,,
AMC251205C00002500,2025-11-14 20:48:25,2.5,0.12,0.05,0.1,0.0,0.0,1884.0,3535.0,0.710940390625,False,REGULAR,USD,AMC,call,2025-12-05,options_calls_20251205.csv,,,,,,,
AMC251205C00003000,2025-11-14 20:15:42,3.0,0.05,0.03,0.05,-0.009999998,-16.666664,960.0,5592.0,1.000005,False,REGULAR,USD,AMC,call,2025-12-05,options_calls_20251205.csv,,,,,,,
AMC251205C00003500,2025-11-14 19:47:34,3.5,0.03,0.03,0.04,0.0,0.0,58.0,1143.0,1.3125034374999998,False,REGULAR,USD,AMC,call,2025-12-05,options_calls_20251205.csv,,,,,,,
AMC251205C00004000,2025-11-14 20:35:29,4.0,0.02,0.01,0.05,-0.04,-66.66667,1.0,347.0,1.53125234375,False,REGULAR,USD,AMC,call,2025-12-05,options_calls_20251205.csv,,,,,,,
AMC251205C00004500,2025-11-13 18:44:28,4.5,0.03,0.01,0.05,0.0,0.0,3.0,16.0,1.75000125,False,REGULAR,USD,AMC,call,2025-12-05,options_calls_20251205.csv,,,,,,,
AMC251205C00005000,2025-11-13 20:24:23,5.0,0.02,0.01,0.09,0.0,0.0,82.0,322.0,2.1718795703125,False,REGULAR,USD,AMC,call,2025-12-05,options_calls_20251205.csv,,,,,,,
AMC251205C00005500,2025-11-14 20:33:21,5.5,0.02,0.01,0.03,0.0,0.0,256.0,1100.0,1.96875015625,False,REGULAR,USD,AMC,call,2025-12-05,options_calls_20251205.csv,,,,,,,
AMC251205P00001000,2025-11-07 15:01:18,1.0,0.01,0.0,0.01,0.0,0.0,1.0,1.0,1.75000125,False,REGULAR,USD,AMC,put,2025-12-05,options_puts_20251205.csv,,,,,,,
AMC251205P00001500,2025-11-04 14:30:14,1.5,0.01,0.0,0.02,-0.01,-50.0,1.0,5.0,1.0625046875000002,False,REGULAR,USD,AMC,put,2025-12-05,options_puts_20251205.csv,,,,,,,
AMC251205P00002000,2025-11-14 17:57:27,2.0,0.02,0.02,0.05,0.0,0.0,116.0,195.0,0.64062859375,False,REGULAR,USD,AMC,put,2025-12-05,options_puts_20251205.csv,,,,,,,
AMC251205P00002500,2025-11-14 18:48:22,2.5,0.31,0.22,0.32,0.050000012,19.230774,160.0,221.0,0.57812921875,True,REGULAR,USD,AMC,put,2025-12-05,options_puts_20251205.csv,,,,,,,
AMC251205P00003000,2025-11-14 19:57:13,3.0,0.69,0.73,0.85,0.00999999,1.4705869,41.0,391.0,1.21875390625,True,REGULAR,USD,AMC,put,2025-12-05,options_puts_20251205.csv,,,,,,,
AMC251205P00003500,2025-11-14 15:39:16,3.5,1.26,1.16,1.37,0.16999996,15.596326,2.0,522.0,1.40625296875,True,REGULAR,USD,AMC,put,2025-12-05,options_puts_20251205.csv,,,,,,,
AMC251205P00004000,2025-11-06 15:25:50,4.0,1.55,1.33,2.08,0.0,0.0,0.0,2.0,3.4843762890625003,True,REGULAR,USD,AMC,put,2025-12-05,options_puts_20251205.csv,,,,,,,
AMC251212C00000500,2025-11-14 15:14:29,0.5,1.92,1.44,2.33,-0.18999994,-9.004737,1.0,5.0,5.343753320312499,True,REGULAR,USD,AMC,call,2025-12-12,options_calls_20251212.csv,,,,,,,
AMC251212C00002000,2025-11-13 19:03:54,2.0,0.43,0.27,0.43,0.0,0.0,1.0,69.0,0.7500025,True,REGULAR,USD,AMC,call,2025-12-12,options_calls_20251212.csv,,,,,,,
AMC251212C00002500,2025-11-14 20:57:59,2.5,0.11,0.11,0.12,-0.030000001,-21.428572,1206.0,5557.0,0.7812521875,False,REGULAR,USD,AMC,call,2025-12-12,options_calls_20251212.csv,,,,,,,
AMC251212C00003000,2025-11-14 20:59:28,3.0,0.05,0.05,0.07,-0.009999998,-16.666664,546.0,859.0,0.992187578125,False,REGULAR,USD,AMC,call,2025-12-12,options_calls_20251212.csv,,,,,,,
AMC251212C00003500,2025-11-14 20:40:01,3.5,0.07,0.03,0.09,0.030000001,75.00001,50.0,262.0,1.3125034374999998,False,REGULAR,USD,AMC,call,2025-12-12,options_calls_20251212.csv,,,,,,,
AMC251212C00004000,2025-11-14 16:51:06,4.0,0.04,0.0,0.05,0.0,0.0,3.0,432.0,1.2812535937499998,False,REGULAR,USD,AMC,call,2025-12-12,options_calls_20251212.csv,,,,,,,
AMC251212C00004500,2025-11-14 20:00:03,4.5,0.04,0.0,0.04,-0.02,-33.333336,12.0,106.0,1.40625296875,False,REGULAR,USD,AMC,call,2025-12-12,options_calls_20251212.csv,,,,,,,
AMC251212C00005000,2025-11-14 20:53:52,5.0,0.05,0.01,0.08,-0.009999998,-16.666664,14.0,362.0,1.84375078125,False,REGULAR,USD,AMC,call,2025-12-12,options_calls_20251212.csv,,,,,,,
AMC251212P00000500,2025-11-14 15:14:29,0.5,0.06,0.0,0.01,0.049999997,500.0,1.0,2.0,2.6250034375,False,REGULAR,USD,AMC,put,2025-12-12,options_puts_20251212.csv,,,,,,,
AMC251212P00001500,2025-11-12 15:35:46,1.5,0.01,0.01,0.02,0.0,0.0,1.0,4.0,1.000005,False,REGULAR,USD,AMC,put,2025-12-12,options_puts_20251212.csv,,,,,,,
AMC251212P00002000,2025-11-14 20:53:29,2.0,0.06,0.05,0.07,-0.14,-70.0,1928.0,12.0,0.6875031250000001,False,REGULAR,USD,AMC,put,2025-12-12,options_puts_20251212.csv,,,,,,,
AMC251212P00002500,2025-11-14 19:15:48,2.5,0.32,0.26,0.35,0.049999982,18.51851,34.0,79.0,0.6562534375000001,True,REGULAR,USD,AMC,put,2025-12-12,options_puts_20251212.csv,,,,,,,
AMC251212P00003000,2025-11-14 15:56:17,3.0,0.75,0.73,0.83,0.050000012,7.142859,74.0,462.0,0.992187578125,True,REGULAR,USD,AMC,put,2025-12-12,options_puts_20251212.csv,,,,,,,
AMC251212P00003500,2025-11-05 17:36:18,3.5,1.05,0.86,1.61,0.0,0.0,0.0,25.0,0.937500625,True,REGULAR,USD,AMC,put,2025-12-12,options_puts_20251212.csv,,,,,,,
AMC251219C00000500,2025-11-14 15:30:57,0.5,1.9,1.44,1.93,0.0,0.0,1.0,34.0,5.500003124999999,True,REGULAR,USD,AMC,call,2025-12-19,options_calls_20251219.csv,,,,,,,
AMC251219C00001000,2025-11-13 16:48:35,1.0,1.38,0.34,1.95,0.0,0.0,1.0,203.0,7.812500234374999,True,REGULAR,USD,AMC,call,2025-12-19,options_calls_20251219.csv,,,,,,,
AMC251219C00001500,2025-11-12 20:56:55,1.5,0.98,0.45,1.2,0.0,0.0,1.0,127.0,1.203128984375,True,REGULAR,USD,AMC,call,2025-12-19,options_calls_20251219.csv,,,,,,,
AMC251219C00002000,2025-11-14 20:58:23,2.0,0.36,0.33,0.36,-0.06999999,-16.279068,371.0,1126.0,0.64062859375,True,REGULAR,USD,AMC,call,2025-12-19,options_calls_20251219.csv,,,,,,,
AMC251219C00002500,2025-11-14 20:54:50,2.5,0.13,0.13,0.14,-0.030000001,-18.750002,2600.0,6665.0,0.773439765625,False,REGULAR,USD,AMC,call,2025-12-19,options_calls_20251219.csv,,,,,,,
AMC251219C00003000,2025-11-14 20:54:48,3.0,0.07,0.07,0.08,-0.020000003,-22.222225,1615.0,16997.0,0.960937890625,False,REGULAR,USD,AMC,call,2025-12-19,options_calls_20251219.csv,,,,,,,
AMC251219C00003500,2025-11-14 19:59:49,3.5,0.05,0.05,0.06,-0.02,-28.571426,120.0,9105.0,1.1484417578125,False,REGULAR,USD,AMC,call,2025-12-19,options_calls_20251219.csv,,,,,,,
AMC251219C00004000,2025-11-14 20:58:21,4.0,0.04,0.04,0.05,-0.010000002,-20.000004,316.0,11475.0,1.3046909765624997,False,REGULAR,USD,AMC,call,2025-12-19,options_calls_20251219.csv,,,,,,,
AMC251219C00004500,2025-11-14 19:04:09,4.5,0.05,0.04,0.05,0.010000002,25.000006,217.0,8353.0,1.484377578125,False,REGULAR,USD,AMC,call,2025-12-19,options_calls_20251219.csv,,,,,,,
AMC251219C00005000,2025-11-14 20:08:27,5.0,0.04,0.01,0.05,0.0,0.0,492.0,12564.0,1.515627421875,False,REGULAR,USD,AMC,call,2025-12-19,options_calls_20251219.csv,,,,,,,
AMC251219C00005500,2025-11-14 16:24:56,5.5,0.04,0.03,0.1,0.02,100.0,2.0,5273.0,1.9375003125,False,REGULAR,USD,AMC,call,2025-12-19,options_calls_20251219.csv,,,,,,,
AMC251219C00006000,2025-11-13 15:26:05,6.0,0.04,0.01,0.04,0.0,0.0,25.0,1582.0,1.703126484375,False,REGULAR,USD,AMC,call,2025-12-19,options_calls_20251219.csv,,,,,,,
AMC251219C00007000,2025-11-14 17:59:23,7.0,0.03,0.01,0.04,0.0,0.0,105.0,2555.0,1.90625046875,False,REGULAR,USD,AMC,call,2025-12-19,options_calls_20251219.csv,,,,,,,
AMC251219C00008000,2025-11-14 20:47:45,8.0,0.03,0.02,0.03,0.0,0.0,150.0,8901.0,2.06250484375,False,REGULAR,USD,AMC,call,2025-12-19,options_calls_20251219.csv,,,,,,,
AMC251219P00000500,2025-11-04 14:55:46,0.5,0.01,0.0,0.01,0.0,0.0,1.0,4.0,2.3750040624999995,False,REGULAR,USD,AMC,put,2025-12-19,options_puts_20251219.csv,,,,,,,
AMC251219P00001000,2025-11-07 20:59:12,1.0,0.01,0.0,0.01,0.0,0.0,10.0,1206.0,1.3125034374999998,False,REGULAR,USD,AMC,put,2025-12-19,options_puts_20251219.csv,,,,,,,
AMC251219P00001500,2025-11-14 20:31:31,1.5,0.02,0.01,0.02,0.01,100.0,1.0,175.0,0.9062509375,False,REGULAR,USD,AMC,put,2025-12-19,options_puts_20251219.csv,,,,,,,
AMC251219P00002000,2025-11-14 20:35:09,2.0,0.06,0.04,0.08,0.0,0.0,1219.0,1720.0,0.6171913281250001,False,REGULAR,USD,AMC,put,2025-12-19,options_puts_20251219.csv,,,,,,,
AMC251219P00002500,2025-11-14 20:59:37,2.5,0.34,0.34,0.36,0.03999999,13.333329,120.0,14194.0,0.7578149218750001,True,REGULAR,USD,AMC,put,2025-12-19,options_puts_20251219.csv,,,,,,,
AMC251219P00003000,2025-11-14 18:50:41,3.0,0.79,0.67,0.87,0.14000005,21.53847,1.0,4317.0,0.8359391406249999,True,REGULAR,USD,AMC,put,2025-12-19,options_puts_20251219.csv,,,,,,,
AMC251219P00003500,2025-11-13 15:05:38,3.5,1.18,1.17,1.63,0.0,0.0,1.0,1572.0,1.734376328125,True,REGULAR,USD,AMC,put,2025-12-19,options_puts_20251219.csv,,,,,,,
AMC251219P00004000,2025-11-13 15:03:34,4.0,1.65,1.43,2.11,0.0,0.0,2.0,854.0,1.3437532812499997,True,REGULAR,USD,AMC,put,2025-12-19,options_puts_20251219.csv,,,,,,,
AMC251219P00004500,2025-11-14 15:59:06,4.5,2.36,2.11,2.66,0.2099998,9.767432,1.0,629.0,2.14844212890625,True,REGULAR,USD,AMC,put,2025-12-19,options_puts_20251219.csv,,,,,,,
AMC251219P00005000,2025-11-03 19:49:50,5.0,2.46,2.65,2.93,0.0,0.0,40.0,349.0,1.828125859375,True,REGULAR,USD,AMC,put,2025-12-19,options_puts_20251219.csv,,,,,,,
AMC251219P00005500,2025-11-07 17:16:26,5.5,3.15,2.6,3.6,0.0,0.0,44.0,153.0,3.3750015625,True,REGULAR,USD,AMC,put,2025-12-19,options_puts_20251219.csv,,,,,,,
AMC251219P00006000,2025-11-07 15:23:52,6.0,3.6,3.1,4.3,0.0,0.0,1.0,8.0,4.2500046875,True,REGULAR,USD,AMC,put,2025-12-19,options_puts_20251219.csv,,,,,,,
AMC251219P00007000,2025-09-16 16:35:53,7.0,4.15,4.15,4.5,0.0,0.0,1.0,7.0,1.0000000000000004e-05,True,REGULAR,USD,AMC,put,2025-12-19,options_puts_20251219.csv,,,,,,,
AMC251219P00008000,2025-11-13 16:50:46,8.0,5.6,4.45,6.95,0.0,0.0,2.0,4.0,7.140626074218751,True,REGULAR,USD,AMC,put,2025-12-19,options_puts_20251219.csv,,,,,,,
AMC251226C00002000,2025-11-14 19:47:23,2.0,0.36,0.26,0.49,-0.07999998,-18.181814,32.0,240.0,0.710940390625,True,REGULAR,USD,AMC,call,2025-12-26,options_calls_20251226.csv,,,,,,,
AMC251226C00002500,2025-11-14 20:50:23,2.5,0.08,0.1,0.17,-0.11,-57.894737,97.0,300.0,0.710940390625,False,REGULAR,USD,AMC,call,2025-12-26,options_calls_20251226.csv,,,,,,,
AMC251226C00003000,2025-11-14 20:53:31,3.0,0.09,0.03,0.09,-0.019999996,-18.181814,937.0,1030.0,0.8125018749999999,False,REGULAR,USD,AMC,call,2025-12-26,options_calls_20251226.csv,,,,,,,
AMC251226C00003500,2025-11-14 19:05:26,3.5,0.06,0.06,0.09,0.009999998,19.999996,29.0,1147.0,1.1484417578125,False,REGULAR,USD,AMC,call,2025-12-26,options_calls_20251226.csv,,,,,,,
AMC251226C00004000,2025-11-13 20:57:10,4.0,0.05,0.05,0.07,0.0,0.0,10.0,256.0,1.2812535937499998,False,REGULAR,USD,AMC,call,2025-12-26,options_calls_20251226.csv,,,,,,,
AMC251226C00005000,2025-11-14 17:31:33,5.0,0.12,0.0,0.11,0.049999997,71.428566,1.0,10.0,1.5781271093749998,False,REGULAR,USD,AMC,call,2025-12-26,options_calls_20251226.csv,,,,,,,
AMC251226P00002500,2025-11-13 14:45:36,2.5,0.3,0.3,0.39,0.0,0.0,9.0,137.0,0.6718782812500002,True,REGULAR,USD,AMC,put,2025-12-26,options_puts_20251226.csv,,,,,,,
AMC251226P00003000,2025-11-13 14:34:35,3.0,0.64,0.69,1.08,0.0,0.0,49.0,238.0,1.2265663671875,True,REGULAR,USD,AMC,put,2025-12-26,options_puts_20251226.csv,,,,,,,
AMC251226P00003500,2025-11-07 15:24:57,3.5,1.14,0.87,1.62,0.0,0.0,8.0,8.0,0.85937640625,True,REGULAR,USD,AMC,put,2025-12-26,options_puts_20251226.csv,,,,,,,
AMC260116C00000500,2025-11-10 14:30:09,0.5,2.01,1.56,1.94,0.0,0.0,1.0,405.0,4.2187547265625,True,REGULAR,USD,AMC,call,2026-01-16,options_calls_20260116.csv,,,,,,,
AMC260116C00001000,2025-11-13 19:39:18,1.0,1.39,1.17,1.45,0.0,0.0,33.0,798.0,1.40625296875,True,REGULAR,USD,AMC,call,2026-01-16,options_calls_20260116.csv,,,,,,,
AMC260116C00001500,2025-11-14 18:16:42,1.5,0.82,0.73,0.9,-0.120000005,-12.765958,32.0,977.0,0.8281267187499999,True,REGULAR,USD,AMC,call,2026-01-16,options_calls_20260116.csv,,,,,,,
AMC260116C00002000,2025-11-14 20:47:46,2.0,0.41,0.4,0.44,-0.060000002,-12.765958,118.0,5301.0,0.726565234375,True,REGULAR,USD,AMC,call,2026-01-16,options_calls_20260116.csv,,,,,,,
AMC260116C00002500,2025-11-14 20:57:59,2.5,0.22,0.2,0.23,-0.030000001,-12.0,727.0,8409.0,0.7929708203125,False,REGULAR,USD,AMC,call,2026-01-16,options_calls_20260116.csv,,,,,,,
AMC260116C00003000,2025-11-14 20:59:44,3.0,0.13,0.13,0.14,-0.030000001,-18.750002,1139.0,42596.0,0.914063359375,False,REGULAR,USD,AMC,call,2026-01-16,options_calls_20260116.csv,,,,,,,
AMC260116C00003500,2025-11-14 20:47:36,3.5,0.1,0.1,0.12,-0.029999994,-23.07692,262.0,15824.0,1.0703171484375005,False,REGULAR,USD,AMC,call,2026-01-16,options_calls_20260116.csv,,,,,,,
AMC260116C00004000,2025-11-14 20:51:51,4.0,0.09,0.08,0.1,-0.009999998,-9.999998,500.0,26552.0,1.1796916015625,False,REGULAR,USD,AMC,call,2026-01-16,options_calls_20260116.csv,,,,,,,
AMC260116C00004500,2025-11-14 15:59:58,4.5,0.07,0.06,0.16,-0.030000001,-30.000002,191.0,4570.0,1.40625296875,False,REGULAR,USD,AMC,call,2026-01-16,options_calls_20260116.csv,,,,,,,
AMC260116C00005000,2025-11-14 20:37:35,5.0,0.07,0.07,0.08,-0.009999998,-12.499998,438.0,26082.0,1.390628046875,False,REGULAR,USD,AMC,call,2026-01-16,options_calls_20260116.csv,,,,,,,
AMC260116C00005500,2025-11-14 20:34:37,5.5,0.06,0.06,0.08,0.0,0.0,64.0,7594.0,1.46875265625,False,REGULAR,USD,AMC,call,2026-01-16,options_calls_20260116.csv,,,,,,,
AMC260116C00006000,2025-11-14 15:21:57,6.0,0.06,0.05,0.06,0.0,0.0,2.0,7499.0,1.484377578125,False,REGULAR,USD,AMC,call,2026-01-16,options_calls_20260116.csv,,,,,,,
AMC260116C00007000,2025-11-14 20:19:40,7.0,0.05,0.05,0.07,0.0,0.0,58.0,14279.0,1.671876640625,False,REGULAR,USD,AMC,call,2026-01-16,options_calls_20260116.csv,,,,,,,
AMC260116C00008000,2025-11-14 19:47:20,8.0,0.05,0.03,0.05,0.0,0.0,167.0,4209.0,1.671876640625,False,REGULAR,USD,AMC,call,2026-01-16,options_calls_20260116.csv,,,,,,,
AMC260116C00010000,2025-11-14 20:16:26,10.0,0.05,0.04,0.05,0.010000002,25.000006,418.0,30610.0,1.921875390625,False,REGULAR,USD,AMC,call,2026-01-16,options_calls_20260116.csv,,,,,,,
AMC260116C00012000,2025-11-14 17:33:33,12.0,0.03,0.03,0.04,-0.01,-25.0,48.0,25144.0,2.000005,False,REGULAR,USD,AMC,call,2026-01-16,options_calls_20260116.csv,,,,,,,
AMC260116C00015000,2025-11-14 20:16:32,15.0,0.05,0.02,0.08,0.020000001,66.66667,290.0,20196.0,2.328129179687499,False,REGULAR,USD,AMC,call,2026-01-16,options_calls_20260116.csv,,,,,,,
AMC260116C00017000,2025-11-14 19:36:04,17.0,0.03,0.01,0.04,0.0,0.0,38.0,44854.0,2.18750453125,False,REGULAR,USD,AMC,call,2026-01-16,options_calls_20260116.csv,,,,,,,
AMC260116C00020000,2025-11-14 19:13:22,20.0,0.03,0.02,0.03,0.01,50.0,502.0,113387.0,2.31250421875,False,REGULAR,USD,AMC,call,2026-01-16,options_calls_20260116.csv,,,,,,,
AMC260116C00022000,2025-11-14 20:24:15,22.0,0.03,0.02,0.03,0.01,50.0,667.0,100248.0,2.406253984375,False,REGULAR,USD,AMC,call,2026-01-16,options_calls_20260116.csv,,,,,,,
AMC260116P00000500,2025-11-07 20:44:27,0.5,0.01,0.0,0.01,0.0,0.0,56.0,3395.0,1.75000125,False,REGULAR,USD,AMC,put,2026-01-16,options_puts_20260116.csv,,,,,,,
AMC260116P00001000,2025-11-04 14:30:02,1.0,0.02,0.0,0.02,0.0,0.0,9.0,2629.0,1.125004375,False,REGULAR,USD,AMC,put,2026-01-16,options_puts_20260116.csv,,,,,,,
AMC260116P00001500,2025-11-13 20:01:19,1.5,0.03,0.02,0.05,0.0,0.0,2.0,7639.0,0.8281267187499999,False,REGULAR,USD,AMC,put,2026-01-16,options_puts_20260116.csv,,,,,,,
AMC260116P00002000,2025-11-14 20:04:19,2.0,0.11,0.11,0.12,0.030000001,37.500004,431.0,8884.0,0.648441015625,False,REGULAR,USD,AMC,put,2026-01-16,options_puts_20260116.csv,,,,,,,
AMC260116P00002500,2025-11-14 20:19:00,2.5,0.4,0.4,0.45,0.03999999,11.111108,422.0,4911.0,0.7656273437500001,True,REGULAR,USD,AMC,put,2026-01-16,options_puts_20260116.csv,,,,,,,
AMC260116P00003000,2025-11-14 19:48:20,3.0,0.84,0.76,0.88,0.07999998,10.526314,365.0,6195.0,0.804689453125,True,REGULAR,USD,AMC,put,2026-01-16,options_puts_20260116.csv,,,,,,,
AMC260116P00003500,2025-11-14 15:41:56,3.5,1.3,1.19,1.4,0.120000005,10.169493,315.0,9637.0,0.937500625,True,REGULAR,USD,AMC,put,2026-01-16,options_puts_20260116.csv,,,,,,,
AMC260116P00004000,2025-11-14 19:08:21,4.0,1.75,1.62,1.9,0.03999996,2.339179,4.0,9606.0,0.945313046875,True,REGULAR,USD,AMC,put,2026-01-16,options_puts_20260116.csv,,,,,,,
AMC260116P00004500,2025-11-14 15:39:56,4.5,2.29,2.13,2.4,0.099999905,4.5662055,2.0,5795.0,1.109379453125,True,REGULAR,USD,AMC,put,2026-01-16,options_puts_20260116.csv,,,,,,,
AMC260116P00005000,2025-11-14 14:30:02,5.0,2.71,2.7,2.86,0.01999998,0.74349374,100.0,6784.0,1.3125034374999998,True,REGULAR,USD,AMC,put,2026-01-16,options_puts_20260116.csv,,,,,,,
AMC260116P00005500,2025-11-05 14:31:15,5.5,3.05,3.1,3.4,0.0,0.0,16.0,200.0,1.234378828125,True,REGULAR,USD,AMC,put,2026-01-16,options_puts_20260116.csv,,,,,,,
AMC260116P00006000,2025-11-11 15:28:11,6.0,3.75,3.55,3.9,0.0,0.0,1.0,3.0,1.000005,True,REGULAR,USD,AMC,put,2026-01-16,options_puts_20260116.csv,,,,,,,
AMC260116P00007000,2025-11-14 16:02:17,7.0,4.75,4.6,4.9,0.1500001,3.260872,2.0,5182.0,1.46875265625,True,REGULAR,USD,AMC,put,2026-01-16,options_puts_20260116.csv,,,,,,,
AMC260116P00008000,2025-10-15 15:19:16,8.0,5.16,5.55,5.9,0.0,0.0,8.0,19.0,1.25000375,True,REGULAR,USD,AMC,put,2026-01-16,options_puts_20260116.csv,,,,,,,
AMC260116P00010000,2025-11-14 15:42:04,10.0,7.78,7.65,7.8,0.20000029,2.6385262,6.0,482.0,1.4375028125,True,REGULAR,USD,AMC,put,2026-01-16,options_puts_20260116.csv,,,,,,,
AMC260116P00012000,2025-11-07 15:55:03,12.0,9.45,9.55,9.85,0.0,0.0,1.0,79.0,2.57031607421875,True,REGULAR,USD,AMC,put,2026-01-16,options_puts_20260116.csv,,,,,,,
AMC260116P00015000,2025-10-20 19:27:07,15.0,12.24,12.55,13.05,0.0,0.0,4.0,0.0,2.531253671875,True,REGULAR,USD,AMC,put,2026-01-16,options_puts_20260116.csv,,,,,,,
AMC260116P00017000,2025-09-25 14:41:37,17.0,14.11,14.55,15.05,0.0,0.0,5.0,2.0,2.6406283984375003,True,REGULAR,USD,AMC,put,2026-01-16,options_puts_20260116.csv,,,,,,,
AMC260116P00020000,2025-11-14 17:08:12,20.0,17.7,17.4,17.95,0.050001144,0.28329262,2.0,12.0,3.46093884765625,True,REGULAR,USD,AMC,put,2026-01-16,options_puts_20260116.csv,,,,,,,
AMC260116P00022000,2025-11-13 20:20:37,22.0,19.7,19.65,20.7,0.050001144,0.25445876,1.0,8.0,4.257817177734374,True,REGULAR,USD,AMC,put,2026-01-16,options_puts_20260116.csv,,,,,,,
AMC260320C00000500,2025-11-12 15:53:30,0.5,1.96,1.68,1.94,0.0,0.0,2.0,57.0,1.75000125,True,REGULAR,USD,AMC,call,2026-03-20,options_calls_20260320.csv,,,,,,,
AMC260320C00001000,2025-11-14 15:25:59,1.0,1.3,0.98,1.45,-0.110000014,-7.8014193,1.0,59.0,1.7421887890625,True,REGULAR,USD,AMC,call,2026-03-20,options_calls_20260320.csv,,,,,,,
AMC260320C00001500,2025-11-14 15:07:20,1.5,0.85,0.74,1.01,-0.099999964,-10.526312,3.0,1211.0,0.8281267187499999,True,REGULAR,USD,AMC,call,2026-03-20,options_calls_20260320.csv,,,,,,,
AMC260320C00002000,2025-11-14 20:47:04,2.0,0.55,0.51,0.62,-0.050000012,-8.333335,82.0,1194.0,0.8281267187499999,True,REGULAR,USD,AMC,call,2026-03-20,options_calls_20260320.csv,,,,,,,
AMC260320C00002500,2025-11-14 20:59:52,2.5,0.36,0.34,0.39,-0.03999999,-9.999998,243.0,4966.0,0.8437515624999999,False,REGULAR,USD,AMC,call,2026-03-20,options_calls_20260320.csv,,,,,,,
AMC260320C00003000,2025-11-14 20:52:57,3.0,0.29,0.26,0.29,-0.01000002,-3.33334,839.0,10270.0,0.9257819921875,False,REGULAR,USD,AMC,call,2026-03-20,options_calls_20260320.csv,,,,,,,
AMC260320C00003500,2025-11-14 20:31:57,3.5,0.21,0.2,0.28,-0.02000001,-8.695657,65.0,2507.0,1.0390673046875003,False,REGULAR,USD,AMC,call,2026-03-20,options_calls_20260320.csv,,,,,,,
AMC260320C00004000,2025-11-14 19:09:54,4.0,0.19,0.17,0.2,0.0,0.0,60.0,2596.0,1.0664109179687502,False,REGULAR,USD,AMC,call,2026-03-20,options_calls_20260320.csv,,,,,,,
AMC260320C00004500,2025-11-14 15:59:58,4.5,0.15,0.14,0.22,-0.019999996,-11.764703,201.0,866.0,1.1679729101562502,False,REGULAR,USD,AMC,call,2026-03-20,options_calls_20260320.csv,,,,,,,
AMC260320C00005000,2025-11-14 19:47:09,5.0,0.14,0.13,0.15,-0.010000005,-6.66667,56.0,3377.0,1.1679729101562502,False,REGULAR,USD,AMC,call,2026-03-20,options_calls_20260320.csv,,,,,,,
AMC260320C00005500,2025-11-14 14:38:53,5.5,0.12,0.11,0.13,0.009999998,9.090907,5.0,3547.0,1.1953165234375,False,REGULAR,USD,AMC,call,2026-03-20,options_calls_20260320.csv,,,,,,,
AMC260320C00006000,2025-11-14 20:42:23,6.0,0.12,0.11,0.12,-0.009999998,-7.6923065,533.0,9071.0,1.25390998046875,False,REGULAR,USD,AMC,call,2026-03-20,options_calls_20260320.csv,,,,,,,
AMC260320P00000500,2025-11-10 14:43:46,0.5,0.01,0.0,0.01,0.0,0.0,8.0,49.0,1.25000375,False,REGULAR,USD,AMC,put,2026-03-20,options_puts_20260320.csv,,,,,,,
AMC260320P00001000,2025-11-13 15:27:58,1.0,0.03,0.0,0.03,0.0,0.0,3.0,6.0,0.8437515624999999,False,REGULAR,USD,AMC,put,2026-03-20,options_puts_20260320.csv,,,,,,,
AMC260320P00001500,2025-11-12 19:10:34,1.5,0.06,0.02,0.08,0.0,0.0,100.0,213.0,0.6562534375000001,False,REGULAR,USD,AMC,put,2026-03-20,options_puts_20260320.csv,,,,,,,
AMC260320P00002000,2025-11-14 19:47:54,2.0,0.24,0.22,0.25,0.03999999,19.999996,1048.0,291.0,0.7187528125,False,REGULAR,USD,AMC,put,2026-03-20,options_puts_20260320.csv,,,,,,,
AMC260320P00002500,2025-11-14 15:07:30,2.5,0.55,0.53,0.63,0.050000012,10.000002,43.0,1037.0,0.8320329296874999,True,REGULAR,USD,AMC,put,2026-03-20,options_puts_20260320.csv,,,,,,,
AMC260320P00003000,2025-11-14 19:31:37,3.0,0.94,0.93,1.0,0.050000012,5.6179786,4.0,660.0,0.8710950390625,True,REGULAR,USD,AMC,put,2026-03-20,options_puts_20260320.csv,,,,,,,
AMC260320P00003500,2025-11-10 15:05:10,3.5,1.29,1.21,1.49,0.0,0.0,4.0,83.0,0.804689453125,True,REGULAR,USD,AMC,put,2026-03-20,options_puts_20260320.csv,,,,,,,
AMC260320P00004000,2025-11-12 15:26:04,4.0,1.7,1.67,1.95,0.0,0.0,3.0,240.0,0.8320329296874999,True,REGULAR,USD,AMC,put,2026-03-20,options_puts_20260320.csv,,,,,,,
AMC260320P00004500,2025-11-14 14:34:58,4.5,2.3,2.13,2.46,0.39999998,21.05263,4.0,106.0,0.8906260937499999,True,REGULAR,USD,AMC,put,2026-03-20,options_puts_20260320.csv,,,,,,,
AMC260320P00005000,2025-10-10 17:14:58,5.0,2.27,2.63,2.91,0.0,0.0,50.0,215.0,0.8906260937499999,True,REGULAR,USD,AMC,put,2026-03-20,options_puts_20260320.csv,,,,,,,
AMC260320P00005500,2025-09-24 16:44:38,5.5,2.74,3.1,3.4,0.0,0.0,5.0,177.0,0.867188828125,True,REGULAR,USD,AMC,put,2026-03-20,options_puts_20260320.csv,,,,,,,
AMC260320P00006000,2025-10-14 13:30:31,6.0,3.23,3.6,3.9,0.0,0.0,0.0,2.0,0.929688203125,True,REGULAR,USD,AMC,put,2026-03-20,options_puts_20260320.csv,,,,,,,
